match_id,season,date,city,venue,team1,team2,toss_winner,toss_decision,winner,winner_runs,winner_wickets,outcome,method,eliminator,player_of_match,match_number,event
335982,2007/08,2008-04-18,Bangalore,M Chinnaswamy Stadium,Royal Challengers Bangalore,Kolkata Knight Riders,Royal Challengers Bangalore,field,Kolkata Knight Riders,140,,,,,BB McCullum,1,Indian Premier League
335983,2007/08,2008-04-19,Chandigarh,"Punjab Cricket Association Stadium, Mohali",Kings XI Punjab,Chennai Super Kings,Chennai Super Kings,bat,Chennai Super Kings,33,,,,,MEK Hussey,2,Indian Premier League
335984,2007/08,2008-04-19,Delhi,Feroz Shah Kotla,Delhi Daredevils,Rajasthan Royals,Rajasthan Royals,bat,Delhi Daredevils,,9,,,,MF Maharoof,3,Indian Premier League
335986,2007/08,2008-04-20,Kolkata,Eden Gardens,Kolkata Knight Riders,Deccan Chargers,Deccan Chargers,bat,Kolkata Knight Riders,,5,,,,DJ Hussey,4,Indian Premier League
335985,2007/08,2008-04-20,Mumbai,Wankhede Stadium,Mumbai Indians,Royal Challengers Bangalore,Mumbai Indians,bat,Royal Challengers Bangalore,,5,,,,MV Boucher,5,Indian Premier League
335987,2007/08,2008-04-21,Jaipur,Sawai Mansingh Stadium,Rajasthan Royals,Kings XI Punjab,Kings XI Punjab,bat,Rajasthan Royals,,6,,,,SR Watson,6,Indian Premier League
335988,2007/08,2008-04-22,Hyderabad,"Rajiv Gandhi International Stadium, Uppal",Deccan Chargers,Delhi Daredevils,Deccan Chargers,bat,Delhi Daredevils,,9,,,,V Sehwag,7,Indian Premier League
335989,2007/08,2008-04-23,Chennai,"MA Chidambaram Stadium, Chepauk",Chennai Super Kings,Mumbai Indians,Mumbai Indians,field,Chennai Super Kings,6,,,,,ML Hayden,8,Indian Premier League
335990,2007/08,2008-04-24,Hyderabad,"Rajiv Gandhi International Stadium, Uppal",Deccan Chargers,Rajasthan Royals,Rajasthan Royals,field,Rajasthan Royals,,3,,,,YK Pathan,9,Indian Premier League
335991,2007/08,2008-04-25,Chandigarh,"Punjab Cricket Association Stadium, Mohali",Kings XI Punjab,Mumbai Indians,Mumbai Indians,field,Kings XI Punjab,66,,,,,KC Sangakkara,10,Indian Premier League
335993,2007/08,2008-04-26,Chennai,"MA Chidambaram Stadium, Chepauk",Chennai Super Kings,Kolkata Knight Riders,Kolkata Knight Riders,bat,Chennai Super Kings,,9,,,,JDP Oram,11,Indian Premier League
335992,2007/08,2008-04-26,Bangalore,M Chinnaswamy Stadium,Royal Challengers Bangalore,Rajasthan Royals,Rajasthan Royals,field,Rajasthan Royals,,7,,,,SR Watson,12,Indian Premier League
335994,2007/08,2008-04-27,Mumbai,Dr DY Patil Sports Academy,Mumbai Indians,Deccan Chargers,Deccan Chargers,field,Deccan Chargers,,10,,,,AC Gilchrist,14,Indian Premier League
335995,2007/08,2008-04-27,Chandigarh,"Punjab Cricket Association Stadium, Mohali",Kings XI Punjab,Delhi Daredevils,Delhi Daredevils,bat,Kings XI Punjab,,4,,,,SM Katich,13,Indian Premier League
335996,2007/08,2008-04-28,Bangalore,M Chinnaswamy Stadium,Royal Challengers Bangalore,Chennai Super Kings,Chennai Super Kings,bat,Chennai Super Kings,13,,,,,MS Dhoni,15,Indian Premier League
335997,2007/08,2008-04-29,Kolkata,Eden Gardens,Kolkata Knight Riders,Mumbai Indians,Kolkata Knight Riders,bat,Mumbai Indians,,7,,,,ST Jayasuriya,16,Indian Premier League
335998,2007/08,2008-04-30,Delhi,Feroz Shah Kotla,Delhi Daredevils,Royal Challengers Bangalore,Royal Challengers Bangalore,field,Delhi Daredevils,10,,,,,GD McGrath,17,Indian Premier League
335999,2007/08,2008-05-01,Hyderabad,"Rajiv Gandhi International Stadium, Uppal",Deccan Chargers,Kings XI Punjab,Kings XI Punjab,field,Kings XI Punjab,,7,,,,SE Marsh,19,Indian Premier League
336000,2007/08,2008-05-01,Jaipur,Sawai Mansingh Stadium,Rajasthan Royals,Kolkata Knight Riders,Rajasthan Royals,bat,Rajasthan Royals,45,,,,,SA Asnodkar,18,Indian Premier League
336001,2007/08,2008-05-02,Chennai,"MA Chidambaram Stadium, Chepauk",Chennai Super Kings,Delhi Daredevils,Chennai Super Kings,bat,Delhi Daredevils,,8,,,,V Sehwag,20,Indian Premier League
336034,2007/08,2008-05-03,Bangalore,M Chinnaswamy Stadium,Royal Challengers Bangalore,Deccan Chargers,Deccan Chargers,field,Royal Challengers Bangalore,3,,,,,P Kumar,21,Indian Premier League
336003,2007/08,2008-05-03,Chandigarh,"Punjab Cricket Association Stadium, Mohali",Kings XI Punjab,Kolkata Knight Riders,Kings XI Punjab,bat,Kings XI Punjab,9,,,,,IK Pathan,22,Indian Premier League
336004,2007/08,2008-05-04,Mumbai,Dr DY Patil Sports Academy,Mumbai Indians,Delhi Daredevils,Delhi Daredevils,field,Mumbai Indians,29,,,,,SM Pollock,23,Indian Premier League
336005,2007/08,2008-05-04,Jaipur,Sawai Mansingh Stadium,Rajasthan Royals,Chennai Super Kings,Chennai Super Kings,bat,Rajasthan Royals,,8,,,,Sohail Tanvir,24,Indian Premier League
336006,2007/08,2008-05-05,Bangalore,M Chinnaswamy Stadium,Royal Challengers Bangalore,Kings XI Punjab,Kings XI Punjab,field,Kings XI Punjab,,6,,,,S Sreesanth,25,Indian Premier League
336007,2007/08,2008-05-06,Chennai,"MA Chidambaram Stadium, Chepauk",Chennai Super Kings,Deccan Chargers,Deccan Chargers,field,Deccan Chargers,,7,,,,AC Gilchrist,26,Indian Premier League
336008,2007/08,2008-05-07,Mumbai,Dr DY Patil Sports Academy,Mumbai Indians,Rajasthan Royals,Mumbai Indians,field,Mumbai Indians,,7,,,,A Nehra,27,Indian Premier League
336010,2007/08,2008-05-08,Kolkata,Eden Gardens,Kolkata Knight Riders,Royal Challengers Bangalore,Kolkata Knight Riders,bat,Kolkata Knight Riders,5,,,,,SC Ganguly,29,Indian Premier League
336009,2007/08,2008-05-08,Delhi,Feroz Shah Kotla,Delhi Daredevils,Chennai Super Kings,Chennai Super Kings,field,Chennai Super Kings,,4,,,,MS Dhoni,28,Indian Premier League
336011,2007/08,2008-05-09,Jaipur,Sawai Mansingh Stadium,Rajasthan Royals,Deccan Chargers,Rajasthan Royals,field,Rajasthan Royals,,8,,,,YK Pathan,30,Indian Premier League
336013,2007/08,2008-05-10,Chennai,"MA Chidambaram Stadium, Chepauk",Chennai Super Kings,Kings XI Punjab,Kings XI Punjab,field,Chennai Super Kings,18,,,,,L Balaji,31,Indian Premier League
336014,2007/08,2008-05-11,Hyderabad,"Rajiv Gandhi International Stadium, Uppal",Deccan Chargers,Kolkata Knight Riders,Kolkata Knight Riders,bat,Kolkata Knight Riders,23,,,,,SC Ganguly,32,Indian Premier League
336015,2007/08,2008-05-11,Jaipur,Sawai Mansingh Stadium,Rajasthan Royals,Delhi Daredevils,Rajasthan Royals,field,Rajasthan Royals,,3,,,,SR Watson,33,Indian Premier League
336016,2007/08,2008-05-12,Chandigarh,"Punjab Cricket Association Stadium, Mohali",Kings XI Punjab,Royal Challengers Bangalore,Royal Challengers Bangalore,bat,Kings XI Punjab,,9,,,,SE Marsh,34,Indian Premier League
336017,2007/08,2008-05-13,Kolkata,Eden Gardens,Kolkata Knight Riders,Delhi Daredevils,Kolkata Knight Riders,bat,Kolkata Knight Riders,23,,,,,Shoaib Akhtar,35,Indian Premier League
336018,2007/08,2008-05-14,Mumbai,Wankhede Stadium,Mumbai Indians,Chennai Super Kings,Mumbai Indians,field,Mumbai Indians,,9,,,,ST Jayasuriya,36,Indian Premier League
336020,2007/08,2008-05-15,Delhi,Feroz Shah Kotla,Delhi Daredevils,Deccan Chargers,Deccan Chargers,field,Delhi Daredevils,12,,,,,A Mishra,37,Indian Premier League
336021,2007/08,2008-05-16,Mumbai,Wankhede Stadium,Mumbai Indians,Kolkata Knight Riders,Mumbai Indians,field,Mumbai Indians,,8,,,,SM Pollock,38,Indian Premier League
336023,2007/08,2008-05-17,Jaipur,Sawai Mansingh Stadium,Rajasthan Royals,Royal Challengers Bangalore,Royal Challengers Bangalore,field,Rajasthan Royals,65,,,,,GC Smith,39,Indian Premier League
336022,2007/08,2008-05-17,Delhi,Feroz Shah Kotla,Delhi Daredevils,Kings XI Punjab,Delhi Daredevils,bat,Kings XI Punjab,6,,,D/L,,DPMD Jayawardene,40,Indian Premier League
336025,2007/08,2008-05-18,Kolkata,Eden Gardens,Kolkata Knight Riders,Chennai Super Kings,Kolkata Knight Riders,bat,Chennai Super Kings,3,,,D/L,,M Ntini,41,Indian Premier League
336024,2007/08,2008-05-18,Hyderabad,"Rajiv Gandhi International Stadium, Uppal",Deccan Chargers,Mumbai Indians,Deccan Chargers,field,Mumbai Indians,25,,,,,DJ Bravo,42,Indian Premier League
336026,2007/08,2008-05-19,Bangalore,M Chinnaswamy Stadium,Royal Challengers Bangalore,Delhi Daredevils,Delhi Daredevils,field,Delhi Daredevils,,5,,,,SP Goswami,43,Indian Premier League
336027,2007/08,2008-05-20,Kolkata,Eden Gardens,Kolkata Knight Riders,Rajasthan Royals,Rajasthan Royals,field,Rajasthan Royals,,6,,,,YK Pathan,44,Indian Premier League
336028,2007/08,2008-05-21,Mumbai,Wankhede Stadium,Mumbai Indians,Kings XI Punjab,Mumbai Indians,field,Kings XI Punjab,1,,,,,SE Marsh,45,Indian Premier League
336029,2007/08,2008-05-21,Chennai,"MA Chidambaram Stadium, Chepauk",Chennai Super Kings,Royal Challengers Bangalore,Royal Challengers Bangalore,bat,Royal Challengers Bangalore,14,,,,,A Kumble,46,Indian Premier League
336031,2007/08,2008-05-23,Chandigarh,"Punjab Cricket Association Stadium, Mohali",Kings XI Punjab,Deccan Chargers,Kings XI Punjab,field,Kings XI Punjab,,6,,,,SE Marsh,48,Indian Premier League
336032,2007/08,2008-05-24,Delhi,Feroz Shah Kotla,Delhi Daredevils,Mumbai Indians,Delhi Daredevils,field,Delhi Daredevils,,5,,,,KD Karthik,50,Indian Premier League
336033,2007/08,2008-05-24,Chennai,"MA Chidambaram Stadium, Chepauk",Chennai Super Kings,Rajasthan Royals,Rajasthan Royals,bat,Rajasthan Royals,10,,,,,JA Morkel,49,Indian Premier League
336002,2007/08,2008-05-25,Hyderabad,"Rajiv Gandhi International Stadium, Uppal",Deccan Chargers,Royal Challengers Bangalore,Deccan Chargers,bat,Royal Challengers Bangalore,,5,,,,R Vinay Kumar,51,Indian Premier League
336035,2007/08,2008-05-25,Kolkata,Eden Gardens,Kolkata Knight Riders,Kings XI Punjab,Kings XI Punjab,bat,Kolkata Knight Riders,,3,,,,Umar Gul,52,Indian Premier League
336036,2007/08,2008-05-26,Jaipur,Sawai Mansingh Stadium,Rajasthan Royals,Mumbai Indians,Rajasthan Royals,field,Rajasthan Royals,,5,,,,Sohail Tanvir,53,Indian Premier League
336037,2007/08,2008-05-27,Hyderabad,"Rajiv Gandhi International Stadium, Uppal",Deccan Chargers,Chennai Super Kings,Deccan Chargers,bat,Chennai Super Kings,,7,,,,SK Raina,54,Indian Premier League
336019,2007/08,2008-05-28,Chandigarh,"Punjab Cricket Association Stadium, Mohali",Kings XI Punjab,Rajasthan Royals,Rajasthan Royals,field,Kings XI Punjab,41,,,,,SE Marsh,56,Indian Premier League
336012,2007/08,2008-05-28,Bangalore,M Chinnaswamy Stadium,Royal Challengers Bangalore,Mumbai Indians,Mumbai Indians,field,Mumbai Indians,,9,,,,CRD Fernando,55,Indian Premier League
336038,2007/08,2008-05-30,Mumbai,Wankhede Stadium,Delhi Daredevils,Rajasthan Royals,Delhi Daredevils,field,Rajasthan Royals,105,,,,,SR Watson,,Indian Premier League
336039,2007/08,2008-05-31,Mumbai,Wankhede Stadium,Chennai Super Kings,Kings XI Punjab,Kings XI Punjab,bat,Chennai Super Kings,,9,,,,M Ntini,,Indian Premier League
336040,2007/08,2008-06-01,Mumbai,Dr DY Patil Sports Academy,Chennai Super Kings,Rajasthan Royals,Rajasthan Royals,field,Rajasthan Royals,,3,,,,YK Pathan,,Indian Premier League
392181,2009,2009-04-18,Cape Town,Newlands,Chennai Super Kings,Mumbai Indians,Chennai Super Kings,field,Mumbai Indians,19,,,,,SR Tendulkar,1,Indian Premier League
392182,2009,2009-04-18,Cape Town,Newlands,Royal Challengers Bangalore,Rajasthan Royals,Royal Challengers Bangalore,bat,Royal Challengers Bangalore,75,,,,,R Dravid,2,Indian Premier League
392184,2009,2009-04-19,Cape Town,Newlands,Deccan Chargers,Kolkata Knight Riders,Kolkata Knight Riders,bat,Deccan Chargers,,8,,,,RP Singh,4,Indian Premier League
392183,2009,2009-04-19,Cape Town,Newlands,Delhi Daredevils,Kings XI Punjab,Delhi Daredevils,field,Delhi Daredevils,,10,,D/L,,DL Vettori,3,Indian Premier League
392185,2009,2009-04-20,Port Elizabeth,St George's Park,Royal Challengers Bangalore,Chennai Super Kings,Chennai Super Kings,bat,Chennai Super Kings,92,,,,,M Muralitharan,5,Indian Premier League
392186,2009,2009-04-21,Durban,Kingsmead,Kings XI Punjab,Kolkata Knight Riders,Kolkata Knight Riders,field,Kolkata Knight Riders,11,,,D/L,,CH Gayle,6,Indian Premier League
392188,2009,2009-04-22,Cape Town,Newlands,Royal Challengers Bangalore,Deccan Chargers,Deccan Chargers,bat,Deccan Chargers,24,,,,,AC Gilchrist,8,Indian Premier League
392190,2009,2009-04-23,Cape Town,Newlands,Kolkata Knight Riders,Rajasthan Royals,Kolkata Knight Riders,field,,,,tie,,Rajasthan Royals,YK Pathan,10,Indian Premier League
392189,2009,2009-04-23,Durban,Kingsmead,Chennai Super Kings,Delhi Daredevils,Delhi Daredevils,bat,Delhi Daredevils,9,,,,,AB de Villiers,9,Indian Premier League
392191,2009,2009-04-24,Durban,Kingsmead,Royal Challengers Bangalore,Kings XI Punjab,Royal Challengers Bangalore,bat,Kings XI Punjab,,7,,,,RS Bopara,11,Indian Premier League
392192,2009,2009-04-25,Durban,Kingsmead,Deccan Chargers,Mumbai Indians,Deccan Chargers,bat,Deccan Chargers,12,,,,,PP Ojha,12,Indian Premier League
392194,2009,2009-04-26,Port Elizabeth,St George's Park,Royal Challengers Bangalore,Delhi Daredevils,Royal Challengers Bangalore,bat,Delhi Daredevils,,6,,,,TM Dilshan,14,Indian Premier League
392195,2009,2009-04-26,Cape Town,Newlands,Kings XI Punjab,Rajasthan Royals,Kings XI Punjab,bat,Kings XI Punjab,27,,,,,KC Sangakkara,15,Indian Premier League
392196,2009,2009-04-27,Durban,Kingsmead,Chennai Super Kings,Deccan Chargers,Deccan Chargers,field,Deccan Chargers,,6,,,,HH Gibbs,16,Indian Premier League
392197,2009,2009-04-27,Port Elizabeth,St George's Park,Kolkata Knight Riders,Mumbai Indians,Mumbai Indians,bat,Mumbai Indians,92,,,,,SR Tendulkar,17,Indian Premier League
392198,2009,2009-04-28,Centurion,SuperSport Park,Delhi Daredevils,Rajasthan Royals,Delhi Daredevils,bat,Rajasthan Royals,,5,,,,YK Pathan,18,Indian Premier League
392200,2009,2009-04-29,Durban,Kingsmead,Kings XI Punjab,Mumbai Indians,Kings XI Punjab,bat,Kings XI Punjab,3,,,,,KC Sangakkara,20,Indian Premier League
392199,2009,2009-04-29,Durban,Kingsmead,Royal Challengers Bangalore,Kolkata Knight Riders,Kolkata Knight Riders,bat,Royal Challengers Bangalore,,5,,,,MV Boucher,19,Indian Premier League
392202,2009,2009-04-30,Centurion,SuperSport Park,Chennai Super Kings,Rajasthan Royals,Rajasthan Royals,field,Chennai Super Kings,38,,,,,SK Raina,22,Indian Premier League
392201,2009,2009-04-30,Centurion,SuperSport Park,Deccan Chargers,Delhi Daredevils,Delhi Daredevils,field,Delhi Daredevils,,6,,,,DP Nannes,21,Indian Premier League
392203,2009,2009-05-01,East London,Buffalo Park,Kolkata Knight Riders,Mumbai Indians,Mumbai Indians,bat,Mumbai Indians,9,,,,,JP Duminy,23,Indian Premier League
392204,2009,2009-05-01,Durban,Kingsmead,Royal Challengers Bangalore,Kings XI Punjab,Royal Challengers Bangalore,bat,Royal Challengers Bangalore,8,,,,,Yuvraj Singh,24,Indian Premier League
392205,2009,2009-05-02,Port Elizabeth,St George's Park,Deccan Chargers,Rajasthan Royals,Deccan Chargers,bat,Rajasthan Royals,,3,,,,YK Pathan,25,Indian Premier League
392206,2009,2009-05-02,Johannesburg,New Wanderers Stadium,Chennai Super Kings,Delhi Daredevils,Delhi Daredevils,field,Chennai Super Kings,18,,,,,SB Jakati,26,Indian Premier League
392208,2009,2009-05-03,Johannesburg,New Wanderers Stadium,Royal Challengers Bangalore,Mumbai Indians,Mumbai Indians,bat,Royal Challengers Bangalore,,9,,,,JH Kallis,28,Indian Premier League
392207,2009,2009-05-03,Port Elizabeth,St George's Park,Kings XI Punjab,Kolkata Knight Riders,Kolkata Knight Riders,bat,Kings XI Punjab,,6,,,,DPMD Jayawardene,27,Indian Premier League
392209,2009,2009-05-04,East London,Buffalo Park,Chennai Super Kings,Deccan Chargers,Chennai Super Kings,bat,Chennai Super Kings,78,,,,,MS Dhoni,29,Indian Premier League
392210,2009,2009-05-05,Durban,Kingsmead,Kings XI Punjab,Rajasthan Royals,Kings XI Punjab,field,Rajasthan Royals,78,,,,,GC Smith,30,Indian Premier League
392211,2009,2009-05-05,Durban,Kingsmead,Delhi Daredevils,Kolkata Knight Riders,Kolkata Knight Riders,bat,Delhi Daredevils,,9,,,,G Gambhir,31,Indian Premier League
392212,2009,2009-05-06,Centurion,SuperSport Park,Deccan Chargers,Mumbai Indians,Deccan Chargers,bat,Deccan Chargers,19,,,,,RG Sharma,32,Indian Premier League
392213,2009,2009-05-07,Centurion,SuperSport Park,Royal Challengers Bangalore,Rajasthan Royals,Rajasthan Royals,field,Rajasthan Royals,,7,,,,A Singh,33,Indian Premier League
392214,2009,2009-05-07,Centurion,SuperSport Park,Chennai Super Kings,Kings XI Punjab,Chennai Super Kings,bat,Chennai Super Kings,12,,,D/L,,ML Hayden,34,Indian Premier League
392215,2009,2009-05-08,East London,Buffalo Park,Delhi Daredevils,Mumbai Indians,Mumbai Indians,bat,Delhi Daredevils,,7,,,,A Nehra,35,Indian Premier League
392216,2009,2009-05-09,Kimberley,De Beers Diamond Oval,Deccan Chargers,Kings XI Punjab,Kings XI Punjab,field,Kings XI Punjab,,3,,,,DPMD Jayawardene,36,Indian Premier League
392217,2009,2009-05-09,Kimberley,De Beers Diamond Oval,Chennai Super Kings,Rajasthan Royals,Rajasthan Royals,bat,Chennai Super Kings,,7,,,,S Badrinath,37,Indian Premier League
392218,2009,2009-05-10,Port Elizabeth,St George's Park,Royal Challengers Bangalore,Mumbai Indians,Mumbai Indians,bat,Mumbai Indians,16,,,,,JP Duminy,38,Indian Premier League
392219,2009,2009-05-10,Johannesburg,New Wanderers Stadium,Delhi Daredevils,Kolkata Knight Riders,Delhi Daredevils,field,Delhi Daredevils,,7,,,,A Mishra,39,Indian Premier League
392220,2009,2009-05-11,Kimberley,De Beers Diamond Oval,Deccan Chargers,Rajasthan Royals,Deccan Chargers,bat,Deccan Chargers,53,,,,,DR Smith,40,Indian Premier League
392221,2009,2009-05-12,Centurion,SuperSport Park,Royal Challengers Bangalore,Kolkata Knight Riders,Royal Challengers Bangalore,field,Royal Challengers Bangalore,,6,,,,LRPL Taylor,41,Indian Premier League
392222,2009,2009-05-12,Centurion,SuperSport Park,Kings XI Punjab,Mumbai Indians,Kings XI Punjab,bat,Mumbai Indians,,8,,,,Harbhajan Singh,42,Indian Premier League
392223,2009,2009-05-13,Durban,Kingsmead,Deccan Chargers,Delhi Daredevils,Deccan Chargers,field,Delhi Daredevils,12,,,,,R Bhatia,43,Indian Premier League
392224,2009,2009-05-14,Durban,Kingsmead,Royal Challengers Bangalore,Chennai Super Kings,Chennai Super Kings,bat,Royal Challengers Bangalore,,2,,,,LRPL Taylor,44,Indian Premier League
392225,2009,2009-05-14,Durban,Kingsmead,Mumbai Indians,Rajasthan Royals,Rajasthan Royals,bat,Rajasthan Royals,2,,,,,SK Warne,45,Indian Premier League
392226,2009,2009-05-15,Bloemfontein,OUTsurance Oval,Delhi Daredevils,Kings XI Punjab,Kings XI Punjab,field,Kings XI Punjab,,6,,,,B Lee,46,Indian Premier League
392227,2009,2009-05-16,Port Elizabeth,St George's Park,Chennai Super Kings,Mumbai Indians,Mumbai Indians,bat,Chennai Super Kings,,7,,,,ML Hayden,47,Indian Premier League
392228,2009,2009-05-16,Johannesburg,New Wanderers Stadium,Deccan Chargers,Kolkata Knight Riders,Deccan Chargers,field,Deccan Chargers,,6,,,,RG Sharma,48,Indian Premier League
392229,2009,2009-05-17,Johannesburg,New Wanderers Stadium,Deccan Chargers,Kings XI Punjab,Deccan Chargers,field,Kings XI Punjab,1,,,,,Yuvraj Singh,49,Indian Premier League
392230,2009,2009-05-17,Bloemfontein,OUTsurance Oval,Delhi Daredevils,Rajasthan Royals,Delhi Daredevils,bat,Delhi Daredevils,14,,,,,AB de Villiers,50,Indian Premier League
392231,2009,2009-05-18,Centurion,SuperSport Park,Chennai Super Kings,Kolkata Knight Riders,Chennai Super Kings,bat,Kolkata Knight Riders,,7,,,,BJ Hodge,51,Indian Premier League
392232,2009,2009-05-19,Johannesburg,New Wanderers Stadium,Royal Challengers Bangalore,Delhi Daredevils,Delhi Daredevils,bat,Royal Challengers Bangalore,,7,,,,JH Kallis,52,Indian Premier League
392233,2009,2009-05-20,Durban,Kingsmead,Kolkata Knight Riders,Rajasthan Royals,Kolkata Knight Riders,field,Kolkata Knight Riders,,4,,,,LR Shukla,53,Indian Premier League
392234,2009,2009-05-20,Durban,Kingsmead,Chennai Super Kings,Kings XI Punjab,Chennai Super Kings,bat,Chennai Super Kings,24,,,,,M Muralitharan,54,Indian Premier League
392236,2009,2009-05-21,Centurion,SuperSport Park,Royal Challengers Bangalore,Deccan Chargers,Royal Challengers Bangalore,bat,Royal Challengers Bangalore,12,,,,,MK Pandey,56,Indian Premier League
392235,2009,2009-05-21,Centurion,SuperSport Park,Delhi Daredevils,Mumbai Indians,Delhi Daredevils,field,Delhi Daredevils,,4,,,,V Sehwag,55,Indian Premier League
392237,2009,2009-05-22,Centurion,SuperSport Park,Delhi Daredevils,Deccan Chargers,Deccan Chargers,field,Deccan Chargers,,6,,,,AC Gilchrist,,Indian Premier League
392238,2009,2009-05-23,Johannesburg,New Wanderers Stadium,Royal Challengers Bangalore,Chennai Super Kings,Royal Challengers Bangalore,field,Royal Challengers Bangalore,,6,,,,MK Pandey,,Indian Premier League
392239,2009,2009-05-24,Johannesburg,New Wanderers Stadium,Royal Challengers Bangalore,Deccan Chargers,Royal Challengers Bangalore,field,Deccan Chargers,6,,,,,A Kumble,,Indian Premier League
419106,2009/10,2010-03-12,Mumbai,Dr DY Patil Sports Academy,Deccan Chargers,Kolkata Knight Riders,Deccan Chargers,field,Kolkata Knight Riders,11,,,,,AD Mathews,1,Indian Premier League
419107,2009/10,2010-03-13,Mumbai,Brabourne Stadium,Mumbai Indians,Rajasthan Royals,Mumbai Indians,bat,Mumbai Indians,4,,,,,YK Pathan,2,Indian Premier League
419108,2009/10,2010-03-13,Chandigarh,"Punjab Cricket Association Stadium, Mohali",Kings XI Punjab,Delhi Daredevils,Delhi Daredevils,field,Delhi Daredevils,,5,,,,G Gambhir,3,Indian Premier League
419109,2009/10,2010-03-14,Kolkata,Eden Gardens,Kolkata Knight Riders,Royal Challengers Bangalore,Kolkata Knight Riders,field,Kolkata Knight Riders,,7,,,,MK Tiwary,4,Indian Premier League
419110,2009/10,2010-03-14,Chennai,"MA Chidambaram Stadium, Chepauk",Chennai Super Kings,Deccan Chargers,Deccan Chargers,bat,Deccan Chargers,31,,,,,WPUJC Vaas,5,Indian Premier League
419111,2009/10,2010-03-15,Ahmedabad,"Sardar Patel Stadium, Motera",Rajasthan Royals,Delhi Daredevils,Delhi Daredevils,field,Delhi Daredevils,,6,,,,V Sehwag,6,Indian Premier League
419112,2009/10,2010-03-16,Bangalore,M Chinnaswamy Stadium,Royal Challengers Bangalore,Kings XI Punjab,Kings XI Punjab,bat,Royal Challengers Bangalore,,8,,,,JH Kallis,7,Indian Premier League
419113,2009/10,2010-03-16,Kolkata,Eden Gardens,Kolkata Knight Riders,Chennai Super Kings,Chennai Super Kings,bat,Chennai Super Kings,55,,,,,MS Dhoni,8,Indian Premier League
419114,2009/10,2010-03-17,Delhi,Feroz Shah Kotla,Delhi Daredevils,Mumbai Indians,Delhi Daredevils,field,Mumbai Indians,98,,,,,SR Tendulkar,9,Indian Premier League
419115,2009/10,2010-03-18,Bangalore,M Chinnaswamy Stadium,Royal Challengers Bangalore,Rajasthan Royals,Royal Challengers Bangalore,field,Royal Challengers Bangalore,,10,,,,JH Kallis,10,Indian Premier League
419116,2009/10,2010-03-19,Delhi,Feroz Shah Kotla,Delhi Daredevils,Chennai Super Kings,Delhi Daredevils,bat,Chennai Super Kings,,5,,,,ML Hayden,11,Indian Premier League
419117,2009/10,2010-03-19,Cuttack,Barabati Stadium,Deccan Chargers,Kings XI Punjab,Kings XI Punjab,field,Deccan Chargers,6,,,,,A Symonds,12,Indian Premier League
419118,2009/10,2010-03-20,Ahmedabad,"Sardar Patel Stadium, Motera",Rajasthan Royals,Kolkata Knight Riders,Rajasthan Royals,bat,Rajasthan Royals,34,,,,,AA Jhunjhunwala,13,Indian Premier League
419119,2009/10,2010-03-20,Mumbai,Brabourne Stadium,Mumbai Indians,Royal Challengers Bangalore,Mumbai Indians,bat,Royal Challengers Bangalore,,7,,,,JH Kallis,14,Indian Premier League
419121,2009/10,2010-03-21,Chennai,"MA Chidambaram Stadium, Chepauk",Chennai Super Kings,Kings XI Punjab,Chennai Super Kings,field,,,,tie,,Kings XI Punjab,J Theron,16,Indian Premier League
419120,2009/10,2010-03-21,Cuttack,Barabati Stadium,Deccan Chargers,Delhi Daredevils,Deccan Chargers,bat,Deccan Chargers,10,,,,,A Symonds,15,Indian Premier League
419122,2009/10,2010-03-22,Mumbai,Brabourne Stadium,Mumbai Indians,Kolkata Knight Riders,Kolkata Knight Riders,bat,Mumbai Indians,,7,,,,SR Tendulkar,17,Indian Premier League
419123,2009/10,2010-03-23,Bangalore,M Chinnaswamy Stadium,Royal Challengers Bangalore,Chennai Super Kings,Chennai Super Kings,field,Royal Challengers Bangalore,36,,,,,RV Uthappa,18,Indian Premier League
419124,2009/10,2010-03-24,Chandigarh,"Punjab Cricket Association Stadium, Mohali",Kings XI Punjab,Rajasthan Royals,Kings XI Punjab,field,Rajasthan Royals,31,,,,,AC Voges,19,Indian Premier League
419125,2009/10,2010-03-25,Mumbai,"Brabourne Stadium, Mumbai",Chennai Super Kings,Mumbai Indians,Mumbai Indians,field,Mumbai Indians,,5,,,,SR Tendulkar,21,Indian Premier League
419128,2009/10,2010-03-25,Bangalore,M Chinnaswamy Stadium,Royal Challengers Bangalore,Delhi Daredevils,Royal Challengers Bangalore,field,Delhi Daredevils,17,,,,,KM Jadhav,20,Indian Premier League
419126,2009/10,2010-03-26,Ahmedabad,"Sardar Patel Stadium, Motera",Rajasthan Royals,Deccan Chargers,Deccan Chargers,bat,Rajasthan Royals,,8,,,,YK Pathan,22,Indian Premier League
419127,2009/10,2010-03-27,Chandigarh,"Punjab Cricket Association Stadium, Mohali",Kings XI Punjab,Kolkata Knight Riders,Kolkata Knight Riders,bat,Kolkata Knight Riders,39,,,,,MK Tiwary,23,Indian Premier League
419129,2009/10,2010-03-28,Ahmedabad,"Sardar Patel Stadium, Motera",Rajasthan Royals,Chennai Super Kings,Rajasthan Royals,bat,Rajasthan Royals,17,,,,,NV Ojha,24,Indian Premier League
419130,2009/10,2010-03-28,Mumbai,Dr DY Patil Sports Academy,Deccan Chargers,Mumbai Indians,Deccan Chargers,field,Mumbai Indians,41,,,,,Harbhajan Singh,25,Indian Premier League
419131,2009/10,2010-03-29,Delhi,Feroz Shah Kotla,Delhi Daredevils,Kolkata Knight Riders,Delhi Daredevils,bat,Delhi Daredevils,40,,,,,DA Warner,26,Indian Premier League
419132,2009/10,2010-03-30,Mumbai,Brabourne Stadium,Mumbai Indians,Kings XI Punjab,Mumbai Indians,field,Mumbai Indians,,4,,,,SL Malinga,27,Indian Premier League
419133,2009/10,2010-03-31,Chennai,"MA Chidambaram Stadium, Chepauk",Chennai Super Kings,Royal Challengers Bangalore,Royal Challengers Bangalore,bat,Chennai Super Kings,,5,,,,M Vijay,28,Indian Premier League
419134,2009/10,2010-03-31,Delhi,Feroz Shah Kotla,Delhi Daredevils,Rajasthan Royals,Delhi Daredevils,bat,Delhi Daredevils,67,,,,,KD Karthik,29,Indian Premier League
419135,2009/10,2010-04-01,Kolkata,Eden Gardens,Kolkata Knight Riders,Deccan Chargers,Kolkata Knight Riders,bat,Kolkata Knight Riders,24,,,,,SC Ganguly,30,Indian Premier League
419136,2009/10,2010-04-02,Chandigarh,"Punjab Cricket Association Stadium, Mohali",Kings XI Punjab,Royal Challengers Bangalore,Kings XI Punjab,bat,Royal Challengers Bangalore,,6,,,,KP Pietersen,31,Indian Premier League
419138,2009/10,2010-04-03,Mumbai,Brabourne Stadium,Mumbai Indians,Deccan Chargers,Mumbai Indians,bat,Mumbai Indians,63,,,,,AT Rayudu,33,Indian Premier League
419137,2009/10,2010-04-03,Chennai,"MA Chidambaram Stadium, Chepauk",Chennai Super Kings,Rajasthan Royals,Chennai Super Kings,bat,Chennai Super Kings,23,,,,,M Vijay,32,Indian Premier League
419139,2009/10,2010-04-04,Kolkata,Eden Gardens,Kolkata Knight Riders,Kings XI Punjab,Kolkata Knight Riders,bat,Kings XI Punjab,,8,,,,DPMD Jayawardene,34,Indian Premier League
419140,2009/10,2010-04-04,Delhi,Feroz Shah Kotla,Delhi Daredevils,Royal Challengers Bangalore,Delhi Daredevils,bat,Delhi Daredevils,37,,,,,PD Collingwood,35,Indian Premier League
419141,2009/10,2010-04-05,Nagpur,"Vidarbha Cricket Association Stadium, Jamtha",Deccan Chargers,Rajasthan Royals,Rajasthan Royals,bat,Rajasthan Royals,2,,,,,SK Warne,36,Indian Premier League
419142,2009/10,2010-04-06,Chennai,"MA Chidambaram Stadium, Chepauk",Chennai Super Kings,Mumbai Indians,Chennai Super Kings,bat,Chennai Super Kings,24,,,,,SK Raina,37,Indian Premier League
419144,2009/10,2010-04-07,Kolkata,Eden Gardens,Kolkata Knight Riders,Delhi Daredevils,Kolkata Knight Riders,bat,Kolkata Knight Riders,14,,,,,SC Ganguly,39,Indian Premier League
419143,2009/10,2010-04-07,Jaipur,Sawai Mansingh Stadium,Rajasthan Royals,Kings XI Punjab,Kings XI Punjab,bat,Rajasthan Royals,,9,,,,MJ Lumb,38,Indian Premier League
419145,2009/10,2010-04-08,Bangalore,M Chinnaswamy Stadium,Royal Challengers Bangalore,Deccan Chargers,Deccan Chargers,field,Deccan Chargers,,7,,,,TL Suman,40,Indian Premier League
419146,2009/10,2010-04-09,Chandigarh,"Punjab Cricket Association Stadium, Mohali",Kings XI Punjab,Mumbai Indians,Mumbai Indians,bat,Kings XI Punjab,,6,,,,KC Sangakkara,41,Indian Premier League
419147,2009/10,2010-04-10,Nagpur,"Vidarbha Cricket Association Stadium, Jamtha",Deccan Chargers,Chennai Super Kings,Chennai Super Kings,bat,Deccan Chargers,,6,,,,RJ Harris,42,Indian Premier League
419148,2009/10,2010-04-10,Bangalore,M Chinnaswamy Stadium,Royal Challengers Bangalore,Kolkata Knight Riders,Royal Challengers Bangalore,field,Royal Challengers Bangalore,,7,,,,R Vinay Kumar,43,Indian Premier League
419149,2009/10,2010-04-11,Delhi,Feroz Shah Kotla,Delhi Daredevils,Kings XI Punjab,Delhi Daredevils,bat,Kings XI Punjab,,7,,,,PP Chawla,44,Indian Premier League
419150,2009/10,2010-04-11,Jaipur,Sawai Mansingh Stadium,Rajasthan Royals,Mumbai Indians,Rajasthan Royals,field,Mumbai Indians,37,,,,,SR Tendulkar,45,Indian Premier League
419151,2009/10,2010-04-12,Nagpur,"Vidarbha Cricket Association Stadium, Jamtha",Deccan Chargers,Royal Challengers Bangalore,Royal Challengers Bangalore,field,Deccan Chargers,13,,,,,Harmeet Singh,46,Indian Premier League
419152,2009/10,2010-04-13,Mumbai,Brabourne Stadium,Mumbai Indians,Delhi Daredevils,Mumbai Indians,bat,Mumbai Indians,39,,,,,KA Pollard,47,Indian Premier League
419153,2009/10,2010-04-13,Chennai,"MA Chidambaram Stadium, Chepauk",Chennai Super Kings,Kolkata Knight Riders,Kolkata Knight Riders,bat,Chennai Super Kings,,9,,,,R Ashwin,48,Indian Premier League
419154,2009/10,2010-04-14,Jaipur,Sawai Mansingh Stadium,Rajasthan Royals,Royal Challengers Bangalore,Rajasthan Royals,bat,Royal Challengers Bangalore,,5,,,,KP Pietersen,49,Indian Premier League
419155,2009/10,2010-04-15,Chennai,"MA Chidambaram Stadium, Chepauk",Chennai Super Kings,Delhi Daredevils,Chennai Super Kings,bat,Delhi Daredevils,,6,,,,G Gambhir,50,Indian Premier League
419156,2009/10,2010-04-16,Dharamsala,Himachal Pradesh Cricket Association Stadium,Kings XI Punjab,Deccan Chargers,Deccan Chargers,field,Deccan Chargers,,5,,,,RG Sharma,51,Indian Premier League
419157,2009/10,2010-04-17,Bangalore,M Chinnaswamy Stadium,Royal Challengers Bangalore,Mumbai Indians,Royal Challengers Bangalore,field,Mumbai Indians,57,,,,,R McLaren,52,Indian Premier League
419158,2009/10,2010-04-17,Kolkata,Eden Gardens,Kolkata Knight Riders,Rajasthan Royals,Rajasthan Royals,bat,Kolkata Knight Riders,,8,,,,JD Unadkat,53,Indian Premier League
419159,2009/10,2010-04-18,Dharamsala,Himachal Pradesh Cricket Association Stadium,Kings XI Punjab,Chennai Super Kings,Chennai Super Kings,field,Chennai Super Kings,,6,,,,MS Dhoni,54,Indian Premier League
419160,2009/10,2010-04-18,Delhi,Feroz Shah Kotla,Delhi Daredevils,Deccan Chargers,Deccan Chargers,bat,Deccan Chargers,11,,,,,A Symonds,55,Indian Premier League
419161,2009/10,2010-04-19,Kolkata,Eden Gardens,Kolkata Knight Riders,Mumbai Indians,Mumbai Indians,bat,Kolkata Knight Riders,,9,,,,M Kartik,56,Indian Premier League
419162,2009/10,2010-04-21,Mumbai,Dr DY Patil Sports Academy,Royal Challengers Bangalore,Mumbai Indians,Mumbai Indians,bat,Mumbai Indians,35,,,,,KA Pollard,,Indian Premier League
419163,2009/10,2010-04-22,Mumbai,Dr DY Patil Sports Academy,Chennai Super Kings,Deccan Chargers,Chennai Super Kings,bat,Chennai Super Kings,38,,,,,DE Bollinger,,Indian Premier League
419164,2009/10,2010-04-24,Mumbai,Dr DY Patil Sports Academy,Royal Challengers Bangalore,Deccan Chargers,Deccan Chargers,bat,Royal Challengers Bangalore,,9,,,,A Kumble,,Indian Premier League
419165,2009/10,2010-04-25,Mumbai,Dr DY Patil Sports Academy,Chennai Super Kings,Mumbai Indians,Chennai Super Kings,bat,Chennai Super Kings,22,,,,,SK Raina,,Indian Premier League
501198,2011,2011-04-08,Chennai,"MA Chidambaram Stadium, Chepauk",Chennai Super Kings,Kolkata Knight Riders,Chennai Super Kings,bat,Chennai Super Kings,2,,,,,S Anirudha,1,Indian Premier League
501199,2011,2011-04-09,Hyderabad,"Rajiv Gandhi International Stadium, Uppal",Deccan Chargers,Rajasthan Royals,Rajasthan Royals,field,Rajasthan Royals,,8,,,,SK Trivedi,2,Indian Premier League
501200,2011,2011-04-09,Kochi,Nehru Stadium,Kochi Tuskers Kerala,Royal Challengers Bangalore,Kochi Tuskers Kerala,bat,Royal Challengers Bangalore,,6,,,,AB de Villiers,3,Indian Premier League
501201,2011,2011-04-10,Delhi,Feroz Shah Kotla,Delhi Daredevils,Mumbai Indians,Delhi Daredevils,bat,Mumbai Indians,,8,,,,SL Malinga,4,Indian Premier League
501202,2011,2011-04-10,Mumbai,Dr DY Patil Sports Academy,Pune Warriors,Kings XI Punjab,Kings XI Punjab,bat,Pune Warriors,,7,,,,SB Wagh,5,Indian Premier League
501203,2011,2011-04-11,Kolkata,Eden Gardens,Kolkata Knight Riders,Deccan Chargers,Kolkata Knight Riders,bat,Kolkata Knight Riders,9,,,,,JH Kallis,6,Indian Premier League
501204,2011,2011-04-12,Jaipur,Sawai Mansingh Stadium,Rajasthan Royals,Delhi Daredevils,Delhi Daredevils,bat,Rajasthan Royals,,6,,,,SK Warne,7,Indian Premier League
501205,2011,2011-04-12,Bangalore,M Chinnaswamy Stadium,Royal Challengers Bangalore,Mumbai Indians,Mumbai Indians,field,Mumbai Indians,,9,,,,SR Tendulkar,8,Indian Premier League
501206,2011,2011-04-13,Chandigarh,"Punjab Cricket Association Stadium, Mohali",Kings XI Punjab,Chennai Super Kings,Kings XI Punjab,field,Kings XI Punjab,,6,,,,PC Valthaty,9,Indian Premier League
501207,2011,2011-04-13,Mumbai,Dr DY Patil Sports Academy,Pune Warriors,Kochi Tuskers Kerala,Kochi Tuskers Kerala,bat,Pune Warriors,,4,,,,MD Mishra,10,Indian Premier League
501208,2011,2011-04-14,Hyderabad,"Rajiv Gandhi International Stadium, Uppal",Deccan Chargers,Royal Challengers Bangalore,Royal Challengers Bangalore,field,Deccan Chargers,33,,,,,DW Steyn,11,Indian Premier League
501209,2011,2011-04-15,Jaipur,Sawai Mansingh Stadium,Rajasthan Royals,Kolkata Knight Riders,Kolkata Knight Riders,field,Kolkata Knight Riders,,9,,,,G Gambhir,12,Indian Premier League
501210,2011,2011-04-15,Mumbai,Wankhede Stadium,Mumbai Indians,Kochi Tuskers Kerala,Kochi Tuskers Kerala,field,Kochi Tuskers Kerala,,8,,,,BB McCullum,13,Indian Premier League
501212,2011,2011-04-16,Hyderabad,"Rajiv Gandhi International Stadium, Uppal",Deccan Chargers,Kings XI Punjab,Kings XI Punjab,field,Kings XI Punjab,,8,,,,PC Valthaty,15,Indian Premier League
501211,2011,2011-04-16,Chennai,"MA Chidambaram Stadium, Chepauk",Chennai Super Kings,Royal Challengers Bangalore,Chennai Super Kings,bat,Chennai Super Kings,21,,,,,MEK Hussey,14,Indian Premier League
501213,2011,2011-04-17,Mumbai,Dr DY Patil Sports Academy,Pune Warriors,Delhi Daredevils,Delhi Daredevils,field,Delhi Daredevils,,3,,,,Yuvraj Singh,16,Indian Premier League
501214,2011,2011-04-17,Kolkata,Eden Gardens,Kolkata Knight Riders,Rajasthan Royals,Kolkata Knight Riders,field,Kolkata Knight Riders,,8,,,,L Balaji,17,Indian Premier League
501215,2011,2011-04-18,Kochi,Nehru Stadium,Kochi Tuskers Kerala,Chennai Super Kings,Kochi Tuskers Kerala,field,Kochi Tuskers Kerala,,7,,D/L,,BB McCullum,18,Indian Premier League
501216,2011,2011-04-19,Delhi,Feroz Shah Kotla,Delhi Daredevils,Deccan Chargers,Deccan Chargers,bat,Deccan Chargers,16,,,,,S Sohal,19,Indian Premier League
501218,2011,2011-04-20,Mumbai,Wankhede Stadium,Mumbai Indians,Pune Warriors,Pune Warriors,bat,Mumbai Indians,,7,,,,MM Patel,21,Indian Premier League
501219,2011,2011-04-20,Kolkata,Eden Gardens,Kolkata Knight Riders,Kochi Tuskers Kerala,Kolkata Knight Riders,field,Kochi Tuskers Kerala,6,,,,,DPMD Jayawardene,22,Indian Premier League
501220,2011,2011-04-21,Chandigarh,"Punjab Cricket Association Stadium, Mohali",Kings XI Punjab,Rajasthan Royals,Rajasthan Royals,field,Kings XI Punjab,48,,,,,SE Marsh,23,Indian Premier League
501221,2011,2011-04-22,Mumbai,Wankhede Stadium,Mumbai Indians,Chennai Super Kings,Chennai Super Kings,field,Mumbai Indians,8,,,,,Harbhajan Singh,25,Indian Premier League
501222,2011,2011-04-22,Kolkata,Eden Gardens,Kolkata Knight Riders,Royal Challengers Bangalore,Royal Challengers Bangalore,field,Royal Challengers Bangalore,,9,,,,CH Gayle,24,Indian Premier League
501223,2011,2011-04-23,Delhi,Feroz Shah Kotla,Delhi Daredevils,Kings XI Punjab,Kings XI Punjab,field,Delhi Daredevils,29,,,,,DA Warner,26,Indian Premier League
501225,2011,2011-04-24,Jaipur,Sawai Mansingh Stadium,Rajasthan Royals,Kochi Tuskers Kerala,Rajasthan Royals,field,Rajasthan Royals,,8,,,,SK Warne,28,Indian Premier League
501224,2011,2011-04-24,Hyderabad,"Rajiv Gandhi International Stadium, Uppal",Deccan Chargers,Mumbai Indians,Deccan Chargers,field,Mumbai Indians,37,,,,,SL Malinga,27,Indian Premier League
501226,2011,2011-04-25,Chennai,"MA Chidambaram Stadium, Chepauk",Chennai Super Kings,Pune Warriors,Pune Warriors,field,Chennai Super Kings,25,,,,,MEK Hussey,29,Indian Premier League
501227,2011,2011-04-26,Delhi,Feroz Shah Kotla,Delhi Daredevils,Royal Challengers Bangalore,Royal Challengers Bangalore,field,Royal Challengers Bangalore,,3,,,,V Kohli,30,Indian Premier League
501228,2011,2011-04-27,Mumbai,Dr DY Patil Sports Academy,Pune Warriors,Chennai Super Kings,Pune Warriors,bat,Chennai Super Kings,,8,,,,DE Bollinger,31,Indian Premier League
501229,2011,2011-04-27,Kochi,Nehru Stadium,Kochi Tuskers Kerala,Deccan Chargers,Kochi Tuskers Kerala,field,Deccan Chargers,55,,,,,I Sharma,32,Indian Premier League
501230,2011,2011-04-28,Delhi,Feroz Shah Kotla,Delhi Daredevils,Kolkata Knight Riders,Delhi Daredevils,field,Kolkata Knight Riders,17,,,,,MK Tiwary,33,Indian Premier League
501231,2011,2011-04-29,Jaipur,Sawai Mansingh Stadium,Rajasthan Royals,Mumbai Indians,Rajasthan Royals,field,Rajasthan Royals,,7,,,,J Botha,34,Indian Premier League
501232,2011,2011-04-29,Bangalore,M Chinnaswamy Stadium,Royal Challengers Bangalore,Pune Warriors,Pune Warriors,field,Royal Challengers Bangalore,26,,,,,V Kohli,35,Indian Premier League
501233,2011,2011-04-30,Kochi,Nehru Stadium,Kochi Tuskers Kerala,Delhi Daredevils,Delhi Daredevils,bat,Delhi Daredevils,38,,,,,V Sehwag,36,Indian Premier League
501234,2011,2011-04-30,Kolkata,Eden Gardens,Kolkata Knight Riders,Kings XI Punjab,Kolkata Knight Riders,field,Kolkata Knight Riders,,8,,,,Iqbal Abdulla,37,Indian Premier League
501235,2011,2011-05-01,Jaipur,Sawai Mansingh Stadium,Rajasthan Royals,Pune Warriors,Rajasthan Royals,field,Rajasthan Royals,,6,,,,LRPL Taylor,38,Indian Premier League
501236,2011,2011-05-01,Chennai,"MA Chidambaram Stadium, Chepauk",Chennai Super Kings,Deccan Chargers,Chennai Super Kings,bat,Chennai Super Kings,19,,,,,JA Morkel,39,Indian Premier League
501237,2011,2011-05-02,Mumbai,Wankhede Stadium,Mumbai Indians,Kings XI Punjab,Kings XI Punjab,field,Mumbai Indians,23,,,,,KA Pollard,40,Indian Premier League
501238,2011,2011-05-02,Delhi,Feroz Shah Kotla,Delhi Daredevils,Kochi Tuskers Kerala,Kochi Tuskers Kerala,field,Kochi Tuskers Kerala,,7,,,,P Parameswaran,41,Indian Premier League
501239,2011,2011-05-03,Hyderabad,"Rajiv Gandhi International Stadium, Uppal",Deccan Chargers,Kolkata Knight Riders,Deccan Chargers,field,Kolkata Knight Riders,20,,,,,YK Pathan,42,Indian Premier League
501241,2011,2011-05-04,Mumbai,Dr DY Patil Sports Academy,Pune Warriors,Mumbai Indians,Pune Warriors,field,Mumbai Indians,21,,,,,R Sharma,44,Indian Premier League
501240,2011,2011-05-04,Chennai,"MA Chidambaram Stadium, Chepauk",Chennai Super Kings,Rajasthan Royals,Rajasthan Royals,bat,Chennai Super Kings,,8,,,,MEK Hussey,43,Indian Premier League
501243,2011,2011-05-05,Hyderabad,"Rajiv Gandhi International Stadium, Uppal",Deccan Chargers,Delhi Daredevils,Delhi Daredevils,field,Delhi Daredevils,,4,,,,V Sehwag,46,Indian Premier League
501242,2011,2011-05-05,Kochi,Nehru Stadium,Kochi Tuskers Kerala,Kolkata Knight Riders,Kolkata Knight Riders,field,Kochi Tuskers Kerala,17,,,,,BJ Hodge,45,Indian Premier League
501244,2011,2011-05-06,Bangalore,M Chinnaswamy Stadium,Royal Challengers Bangalore,Kings XI Punjab,Kings XI Punjab,field,Royal Challengers Bangalore,85,,,,,CH Gayle,47,Indian Premier League
501245,2011,2011-05-07,Kolkata,Eden Gardens,Kolkata Knight Riders,Chennai Super Kings,Chennai Super Kings,bat,Kolkata Knight Riders,10,,,D/L,,Iqbal Abdulla,48,Indian Premier League
501246,2011,2011-05-07,Mumbai,Wankhede Stadium,Mumbai Indians,Delhi Daredevils,Delhi Daredevils,field,Mumbai Indians,32,,,,,AT Rayudu,49,Indian Premier League
501247,2011,2011-05-08,Bangalore,M Chinnaswamy Stadium,Royal Challengers Bangalore,Kochi Tuskers Kerala,Kochi Tuskers Kerala,bat,Royal Challengers Bangalore,,9,,,,CH Gayle,50,Indian Premier League
501248,2011,2011-05-08,Chandigarh,"Punjab Cricket Association Stadium, Mohali",Kings XI Punjab,Pune Warriors,Kings XI Punjab,bat,Pune Warriors,,5,,,,R Sharma,51,Indian Premier League
501249,2011,2011-05-09,Jaipur,Sawai Mansingh Stadium,Rajasthan Royals,Chennai Super Kings,Rajasthan Royals,field,Chennai Super Kings,63,,,,,M Vijay,52,Indian Premier League
501250,2011,2011-05-10,Hyderabad,"Rajiv Gandhi International Stadium, Uppal",Deccan Chargers,Pune Warriors,Deccan Chargers,bat,Pune Warriors,,6,,,,MR Marsh,53,Indian Premier League
501251,2011,2011-05-10,Chandigarh,"Punjab Cricket Association Stadium, Mohali",Kings XI Punjab,Mumbai Indians,Mumbai Indians,field,Kings XI Punjab,76,,,,,BA Bhatt,54,Indian Premier League
501252,2011,2011-05-11,Jaipur,Sawai Mansingh Stadium,Rajasthan Royals,Royal Challengers Bangalore,Royal Challengers Bangalore,field,Royal Challengers Bangalore,,9,,,,S Aravind,55,Indian Premier League
501253,2011,2011-05-12,Chennai,"MA Chidambaram Stadium, Chepauk",Chennai Super Kings,Delhi Daredevils,Chennai Super Kings,bat,Chennai Super Kings,18,,,,,MS Dhoni,56,Indian Premier League
501254,2011,2011-05-13,Indore,Holkar Cricket Stadium,Kochi Tuskers Kerala,Kings XI Punjab,Kings XI Punjab,field,Kings XI Punjab,,6,,,,KD Karthik,57,Indian Premier League
501255,2011,2011-05-14,Bangalore,M Chinnaswamy Stadium,Royal Challengers Bangalore,Kolkata Knight Riders,Royal Challengers Bangalore,field,Royal Challengers Bangalore,,4,,D/L,,CH Gayle,58,Indian Premier League
501256,2011,2011-05-14,Mumbai,Wankhede Stadium,Mumbai Indians,Deccan Chargers,Deccan Chargers,bat,Deccan Chargers,10,,,,,A Mishra,59,Indian Premier League
501257,2011,2011-05-15,Dharamsala,Himachal Pradesh Cricket Association Stadium,Kings XI Punjab,Delhi Daredevils,Delhi Daredevils,field,Kings XI Punjab,29,,,,,PP Chawla,60,Indian Premier League
501258,2011,2011-05-15,Indore,Holkar Cricket Stadium,Kochi Tuskers Kerala,Rajasthan Royals,Kochi Tuskers Kerala,field,Kochi Tuskers Kerala,,8,,,,BJ Hodge,61,Indian Premier League
501259,2011,2011-05-16,Mumbai,Dr DY Patil Sports Academy,Pune Warriors,Deccan Chargers,Deccan Chargers,field,Deccan Chargers,,6,,,,A Mishra,62,Indian Premier League
501260,2011,2011-05-17,Dharamsala,Himachal Pradesh Cricket Association Stadium,Kings XI Punjab,Royal Challengers Bangalore,Kings XI Punjab,bat,Kings XI Punjab,111,,,,,AC Gilchrist,63,Indian Premier League
501261,2011,2011-05-18,Chennai,"MA Chidambaram Stadium, Chepauk",Chennai Super Kings,Kochi Tuskers Kerala,Chennai Super Kings,bat,Chennai Super Kings,11,,,,,WP Saha,64,Indian Premier League
501262,2011,2011-05-19,Mumbai,Dr DY Patil Sports Academy,Pune Warriors,Kolkata Knight Riders,Kolkata Knight Riders,field,Kolkata Knight Riders,,7,,,,YK Pathan,65,Indian Premier League
501263,2011,2011-05-20,Mumbai,Wankhede Stadium,Mumbai Indians,Rajasthan Royals,Mumbai Indians,bat,Rajasthan Royals,,10,,,,SR Watson,66,Indian Premier League
501264,2011,2011-05-21,Dharamsala,Himachal Pradesh Cricket Association Stadium,Kings XI Punjab,Deccan Chargers,Kings XI Punjab,field,Deccan Chargers,82,,,,,S Dhawan,67,Indian Premier League
501265,2011,2011-05-21,Delhi,Feroz Shah Kotla,Delhi Daredevils,Pune Warriors,Delhi Daredevils,bat,,,,no result,,,,68,Indian Premier League
501266,2011,2011-05-22,Bangalore,M Chinnaswamy Stadium,Royal Challengers Bangalore,Chennai Super Kings,Royal Challengers Bangalore,field,Royal Challengers Bangalore,,8,,,,CH Gayle,69,Indian Premier League
501267,2011,2011-05-22,Kolkata,Eden Gardens,Kolkata Knight Riders,Mumbai Indians,Mumbai Indians,field,Mumbai Indians,,5,,,,JEC Franklin,70,Indian Premier League
501268,2011,2011-05-24,Mumbai,Wankhede Stadium,Royal Challengers Bangalore,Chennai Super Kings,Chennai Super Kings,field,Chennai Super Kings,,6,,,,SK Raina,,Indian Premier League
501269,2011,2011-05-25,Mumbai,Wankhede Stadium,Mumbai Indians,Kolkata Knight Riders,Mumbai Indians,field,Mumbai Indians,,4,,,,MM Patel,,Indian Premier League
501270,2011,2011-05-27,Chennai,"MA Chidambaram Stadium, Chepauk",Royal Challengers Bangalore,Mumbai Indians,Mumbai Indians,field,Royal Challengers Bangalore,43,,,,,CH Gayle,,Indian Premier League
501271,2011,2011-05-28,Chennai,"MA Chidambaram Stadium, Chepauk",Chennai Super Kings,Royal Challengers Bangalore,Chennai Super Kings,bat,Chennai Super Kings,58,,,,,M Vijay,,Indian Premier League
548306,2012,2012-04-04,Chennai,"MA Chidambaram Stadium, Chepauk",Chennai Super Kings,Mumbai Indians,Mumbai Indians,field,Mumbai Indians,,8,,,,RE Levi,1,Indian Premier League
548307,2012,2012-04-05,Kolkata,Eden Gardens,Kolkata Knight Riders,Delhi Daredevils,Delhi Daredevils,field,Delhi Daredevils,,8,,,,IK Pathan,2,Indian Premier League
548308,2012,2012-04-06,Mumbai,Wankhede Stadium,Mumbai Indians,Pune Warriors,Mumbai Indians,field,Pune Warriors,28,,,,,SPD Smith,3,Indian Premier League
548309,2012,2012-04-06,Jaipur,Sawai Mansingh Stadium,Rajasthan Royals,Kings XI Punjab,Kings XI Punjab,field,Rajasthan Royals,31,,,,,AM Rahane,4,Indian Premier League
548311,2012,2012-04-07,Visakhapatnam,Dr. Y.S. Rajasekhara Reddy ACA-VDCA Cricket Stadium,Deccan Chargers,Chennai Super Kings,Deccan Chargers,field,Chennai Super Kings,74,,,,,RA Jadeja,6,Indian Premier League
548310,2012,2012-04-07,Bangalore,M Chinnaswamy Stadium,Royal Challengers Bangalore,Delhi Daredevils,Delhi Daredevils,field,Royal Challengers Bangalore,20,,,,,AB de Villiers,5,Indian Premier League
548313,2012,2012-04-08,Pune,Subrata Roy Sahara Stadium,Pune Warriors,Kings XI Punjab,Pune Warriors,bat,Pune Warriors,22,,,,,MN Samuels,8,Indian Premier League
548312,2012,2012-04-08,Jaipur,Sawai Mansingh Stadium,Rajasthan Royals,Kolkata Knight Riders,Kolkata Knight Riders,field,Rajasthan Royals,22,,,,,BJ Hodge,7,Indian Premier League
548314,2012,2012-04-09,Visakhapatnam,Dr. Y.S. Rajasekhara Reddy ACA-VDCA Cricket Stadium,Deccan Chargers,Mumbai Indians,Deccan Chargers,bat,Mumbai Indians,,5,,,,RG Sharma,9,Indian Premier League
548316,2012,2012-04-10,Delhi,Feroz Shah Kotla,Delhi Daredevils,Chennai Super Kings,Delhi Daredevils,field,Delhi Daredevils,,8,,,,M Morkel,11,Indian Premier League
548315,2012,2012-04-10,Bangalore,M Chinnaswamy Stadium,Royal Challengers Bangalore,Kolkata Knight Riders,Royal Challengers Bangalore,field,Kolkata Knight Riders,42,,,,,L Balaji,10,Indian Premier League
548317,2012,2012-04-11,Mumbai,Wankhede Stadium,Mumbai Indians,Rajasthan Royals,Rajasthan Royals,field,Mumbai Indians,27,,,,,KA Pollard,12,Indian Premier League
548318,2012,2012-04-12,Chennai,"MA Chidambaram Stadium, Chepauk",Chennai Super Kings,Royal Challengers Bangalore,Royal Challengers Bangalore,bat,Chennai Super Kings,,5,,,,F du Plessis,13,Indian Premier League
548319,2012,2012-04-12,Chandigarh,"Punjab Cricket Association Stadium, Mohali",Kings XI Punjab,Pune Warriors,Kings XI Punjab,field,Kings XI Punjab,,7,,,,AD Mascarenhas,14,Indian Premier League
548320,2012,2012-04-13,Kolkata,Eden Gardens,Kolkata Knight Riders,Rajasthan Royals,Rajasthan Royals,bat,Kolkata Knight Riders,,5,,,,Shakib Al Hasan,15,Indian Premier League
548322,2012,2012-04-14,Pune,Subrata Roy Sahara Stadium,Pune Warriors,Chennai Super Kings,Chennai Super Kings,bat,Pune Warriors,,7,,,,JD Ryder,16,Indian Premier League
548323,2012,2012-04-15,Kolkata,Eden Gardens,Kolkata Knight Riders,Kings XI Punjab,Kolkata Knight Riders,field,Kings XI Punjab,2,,,,,SP Narine,17,Indian Premier League
548324,2012,2012-04-15,Bangalore,M Chinnaswamy Stadium,Royal Challengers Bangalore,Rajasthan Royals,Rajasthan Royals,bat,Rajasthan Royals,59,,,,,AM Rahane,18,Indian Premier League
548325,2012,2012-04-16,Mumbai,Wankhede Stadium,Mumbai Indians,Delhi Daredevils,Delhi Daredevils,field,Delhi Daredevils,,7,,,,S Nadeem,19,Indian Premier League
548326,2012,2012-04-17,Jaipur,Sawai Mansingh Stadium,Rajasthan Royals,Deccan Chargers,Deccan Chargers,bat,Rajasthan Royals,,5,,,,BJ Hodge,20,Indian Premier League
548327,2012,2012-04-17,Bangalore,M Chinnaswamy Stadium,Royal Challengers Bangalore,Pune Warriors,Pune Warriors,bat,Royal Challengers Bangalore,,6,,,,CH Gayle,21,Indian Premier League
548328,2012,2012-04-18,Chandigarh,"Punjab Cricket Association Stadium, Mohali",Kings XI Punjab,Kolkata Knight Riders,Kings XI Punjab,bat,Kolkata Knight Riders,,8,,,,G Gambhir,22,Indian Premier League
548330,2012,2012-04-19,Chennai,"MA Chidambaram Stadium, Chepauk",Chennai Super Kings,Pune Warriors,Pune Warriors,field,Chennai Super Kings,13,,,,,KMDN Kulasekara,24,Indian Premier League
548321,2012,2012-04-19,Delhi,Feroz Shah Kotla,Delhi Daredevils,Deccan Chargers,Deccan Chargers,bat,Delhi Daredevils,,5,,,,KP Pietersen,23,Indian Premier League
548331,2012,2012-04-20,Chandigarh,"Punjab Cricket Association Stadium, Mohali",Kings XI Punjab,Royal Challengers Bangalore,Royal Challengers Bangalore,field,Royal Challengers Bangalore,,5,,,,CH Gayle,25,Indian Premier League
548332,2012,2012-04-21,Chennai,"MA Chidambaram Stadium, Chepauk",Chennai Super Kings,Rajasthan Royals,Rajasthan Royals,bat,Chennai Super Kings,,7,,,,F du Plessis,26,Indian Premier League
548333,2012,2012-04-21,Delhi,Feroz Shah Kotla,Delhi Daredevils,Pune Warriors,Delhi Daredevils,field,Pune Warriors,20,,,,,SC Ganguly,27,Indian Premier League
548334,2012,2012-04-22,Mumbai,Wankhede Stadium,Mumbai Indians,Kings XI Punjab,Mumbai Indians,bat,Kings XI Punjab,,6,,,,SE Marsh,28,Indian Premier League
548335,2012,2012-04-22,Cuttack,Barabati Stadium,Deccan Chargers,Kolkata Knight Riders,Kolkata Knight Riders,field,Kolkata Knight Riders,,5,,,,B Lee,29,Indian Premier League
548336,2012,2012-04-23,Jaipur,Sawai Mansingh Stadium,Rajasthan Royals,Royal Challengers Bangalore,Rajasthan Royals,field,Royal Challengers Bangalore,46,,,,,AB de Villiers,30,Indian Premier League
548337,2012,2012-04-24,Pune,Subrata Roy Sahara Stadium,Pune Warriors,Delhi Daredevils,Pune Warriors,bat,Delhi Daredevils,,8,,,,V Sehwag,31,Indian Premier League
548339,2012,2012-04-25,Chandigarh,"Punjab Cricket Association Stadium, Mohali",Kings XI Punjab,Mumbai Indians,Kings XI Punjab,bat,Mumbai Indians,,4,,,,AT Rayudu,33,Indian Premier League
548341,2012,2012-04-26,Pune,Subrata Roy Sahara Stadium,Pune Warriors,Deccan Chargers,Deccan Chargers,bat,Deccan Chargers,18,,,,,CL White,35,Indian Premier League
548342,2012,2012-04-27,Delhi,Feroz Shah Kotla,Delhi Daredevils,Mumbai Indians,Mumbai Indians,field,Delhi Daredevils,37,,,,,V Sehwag,36,Indian Premier League
548343,2012,2012-04-28,Chennai,"MA Chidambaram Stadium, Chepauk",Chennai Super Kings,Kings XI Punjab,Kings XI Punjab,bat,Kings XI Punjab,7,,,,,Mandeep Singh,37,Indian Premier League
548344,2012,2012-04-28,Kolkata,Eden Gardens,Kolkata Knight Riders,Royal Challengers Bangalore,Kolkata Knight Riders,bat,Kolkata Knight Riders,47,,,,,G Gambhir,38,Indian Premier League
548345,2012,2012-04-29,Delhi,Feroz Shah Kotla,Delhi Daredevils,Rajasthan Royals,Delhi Daredevils,bat,Delhi Daredevils,1,,,,,V Sehwag,39,Indian Premier League
548346,2012,2012-04-29,Mumbai,Wankhede Stadium,Mumbai Indians,Deccan Chargers,Mumbai Indians,field,Mumbai Indians,,5,,,,DW Steyn,40,Indian Premier League
548347,2012,2012-04-30,Chennai,"MA Chidambaram Stadium, Chepauk",Chennai Super Kings,Kolkata Knight Riders,Chennai Super Kings,bat,Kolkata Knight Riders,,5,,,,G Gambhir,41,Indian Premier League
548348,2012,2012-05-01,Cuttack,Barabati Stadium,Deccan Chargers,Pune Warriors,Deccan Chargers,bat,Deccan Chargers,13,,,,,KC Sangakkara,42,Indian Premier League
548349,2012,2012-05-01,Jaipur,Sawai Mansingh Stadium,Rajasthan Royals,Delhi Daredevils,Rajasthan Royals,bat,Delhi Daredevils,,6,,,,P Negi,43,Indian Premier League
548350,2012,2012-05-02,Bangalore,M Chinnaswamy Stadium,Royal Challengers Bangalore,Kings XI Punjab,Kings XI Punjab,field,Kings XI Punjab,,4,,,,Azhar Mahmood,44,Indian Premier League
548351,2012,2012-05-03,Pune,Subrata Roy Sahara Stadium,Pune Warriors,Mumbai Indians,Mumbai Indians,bat,Mumbai Indians,1,,,,,SL Malinga,45,Indian Premier League
548352,2012,2012-05-04,Chennai,"MA Chidambaram Stadium, Chepauk",Chennai Super Kings,Deccan Chargers,Chennai Super Kings,bat,Chennai Super Kings,10,,,,,SK Raina,46,Indian Premier League
548353,2012,2012-05-05,Kolkata,Eden Gardens,Kolkata Knight Riders,Pune Warriors,Kolkata Knight Riders,bat,Kolkata Knight Riders,7,,,,,SP Narine,47,Indian Premier League
548354,2012,2012-05-05,Chandigarh,"Punjab Cricket Association Stadium, Mohali",Kings XI Punjab,Rajasthan Royals,Rajasthan Royals,bat,Rajasthan Royals,43,,,,,SR Watson,48,Indian Premier League
548355,2012,2012-05-06,Mumbai,Wankhede Stadium,Mumbai Indians,Chennai Super Kings,Mumbai Indians,field,Mumbai Indians,,2,,,,DR Smith,49,Indian Premier League
548356,2012,2012-05-06,Bangalore,M Chinnaswamy Stadium,Royal Challengers Bangalore,Deccan Chargers,Royal Challengers Bangalore,field,Royal Challengers Bangalore,,5,,,,AB de Villiers,50,Indian Premier League
548357,2012,2012-05-07,Delhi,Feroz Shah Kotla,Delhi Daredevils,Kolkata Knight Riders,Delhi Daredevils,bat,Kolkata Knight Riders,,6,,,,JH Kallis,51,Indian Premier League
548359,2012,2012-05-08,Hyderabad,"Rajiv Gandhi International Stadium, Uppal",Deccan Chargers,Kings XI Punjab,Deccan Chargers,field,Kings XI Punjab,25,,,,,Mandeep Singh,53,Indian Premier League
548358,2012,2012-05-08,Pune,Subrata Roy Sahara Stadium,Pune Warriors,Rajasthan Royals,Pune Warriors,bat,Rajasthan Royals,,7,,,,SR Watson,52,Indian Premier League
548360,2012,2012-05-09,Mumbai,Wankhede Stadium,Mumbai Indians,Royal Challengers Bangalore,Royal Challengers Bangalore,field,Royal Challengers Bangalore,,9,,,,CH Gayle,54,Indian Premier League
548361,2012,2012-05-10,Jaipur,Sawai Mansingh Stadium,Rajasthan Royals,Chennai Super Kings,Chennai Super Kings,field,Chennai Super Kings,,4,,,,BW Hilfenhaus,56,Indian Premier League
548329,2012,2012-05-10,Hyderabad,"Rajiv Gandhi International Stadium, Uppal",Deccan Chargers,Delhi Daredevils,Deccan Chargers,bat,Delhi Daredevils,,9,,,,DA Warner,55,Indian Premier League
548362,2012,2012-05-11,Pune,Subrata Roy Sahara Stadium,Pune Warriors,Royal Challengers Bangalore,Pune Warriors,field,Royal Challengers Bangalore,35,,,,,CH Gayle,57,Indian Premier League
548363,2012,2012-05-12,Kolkata,Eden Gardens,Kolkata Knight Riders,Mumbai Indians,Mumbai Indians,bat,Mumbai Indians,27,,,,,RG Sharma,58,Indian Premier League
548364,2012,2012-05-12,Chennai,"MA Chidambaram Stadium, Chepauk",Chennai Super Kings,Delhi Daredevils,Chennai Super Kings,field,Chennai Super Kings,,9,,,,BW Hilfenhaus,59,Indian Premier League
548365,2012,2012-05-13,Jaipur,Sawai Mansingh Stadium,Rajasthan Royals,Pune Warriors,Rajasthan Royals,bat,Rajasthan Royals,45,,,,,A Chandila,60,Indian Premier League
548366,2012,2012-05-13,Chandigarh,"Punjab Cricket Association Stadium, Mohali",Kings XI Punjab,Deccan Chargers,Deccan Chargers,bat,Kings XI Punjab,,4,,,,DJ Hussey,61,Indian Premier League
548367,2012,2012-05-14,Bangalore,M Chinnaswamy Stadium,Royal Challengers Bangalore,Mumbai Indians,Mumbai Indians,field,Mumbai Indians,,5,,,,AT Rayudu,62,Indian Premier League
548368,2012,2012-05-14,Kolkata,Eden Gardens,Kolkata Knight Riders,Chennai Super Kings,Chennai Super Kings,field,Chennai Super Kings,,5,,,,MEK Hussey,63,Indian Premier League
548369,2012,2012-05-15,Delhi,Feroz Shah Kotla,Delhi Daredevils,Kings XI Punjab,Kings XI Punjab,bat,Delhi Daredevils,,5,,,,UT Yadav,64,Indian Premier League
548370,2012,2012-05-16,Mumbai,Wankhede Stadium,Mumbai Indians,Kolkata Knight Riders,Mumbai Indians,field,Kolkata Knight Riders,32,,,,,SP Narine,65,Indian Premier League
548372,2012,2012-05-17,Delhi,Feroz Shah Kotla,Delhi Daredevils,Royal Challengers Bangalore,Delhi Daredevils,field,Royal Challengers Bangalore,21,,,,,CH Gayle,67,Indian Premier League
548371,2012,2012-05-17,Dharamsala,Himachal Pradesh Cricket Association Stadium,Kings XI Punjab,Chennai Super Kings,Kings XI Punjab,field,Kings XI Punjab,,6,,,,AC Gilchrist,66,Indian Premier League
548373,2012,2012-05-18,Hyderabad,"Rajiv Gandhi International Stadium, Uppal",Deccan Chargers,Rajasthan Royals,Rajasthan Royals,bat,Deccan Chargers,,5,,,,DW Steyn,68,Indian Premier League
548374,2012,2012-05-19,Dharamsala,Himachal Pradesh Cricket Association Stadium,Kings XI Punjab,Delhi Daredevils,Delhi Daredevils,field,Delhi Daredevils,,6,,,,UT Yadav,69,Indian Premier League
548375,2012,2012-05-19,Pune,Subrata Roy Sahara Stadium,Pune Warriors,Kolkata Knight Riders,Kolkata Knight Riders,bat,Kolkata Knight Riders,34,,,,,Shakib Al Hasan,70,Indian Premier League
548377,2012,2012-05-20,Jaipur,Sawai Mansingh Stadium,Rajasthan Royals,Mumbai Indians,Rajasthan Royals,bat,Mumbai Indians,,10,,,,DR Smith,72,Indian Premier League
548376,2012,2012-05-20,Hyderabad,"Rajiv Gandhi International Stadium, Uppal",Deccan Chargers,Royal Challengers Bangalore,Royal Challengers Bangalore,field,Deccan Chargers,9,,,,,DW Steyn,71,Indian Premier League
548378,2012,2012-05-22,Pune,Subrata Roy Sahara Stadium,Delhi Daredevils,Kolkata Knight Riders,Kolkata Knight Riders,bat,Kolkata Knight Riders,18,,,,,YK Pathan,,Indian Premier League
548379,2012,2012-05-23,Bangalore,M Chinnaswamy Stadium,Chennai Super Kings,Mumbai Indians,Mumbai Indians,field,Chennai Super Kings,38,,,,,MS Dhoni,,Indian Premier League
548380,2012,2012-05-25,Chennai,"MA Chidambaram Stadium, Chepauk",Delhi Daredevils,Chennai Super Kings,Delhi Daredevils,field,Chennai Super Kings,86,,,,,M Vijay,,Indian Premier League
548381,2012,2012-05-27,Chennai,"MA Chidambaram Stadium, Chepauk",Kolkata Knight Riders,Chennai Super Kings,Chennai Super Kings,bat,Kolkata Knight Riders,,5,,,,MS Bisla,,Indian Premier League
597998,2013,2013-04-03,Kolkata,Eden Gardens,Kolkata Knight Riders,Delhi Daredevils,Kolkata Knight Riders,field,Kolkata Knight Riders,,6,,,,SP Narine,1,Indian Premier League
597999,2013,2013-04-04,Bangalore,M Chinnaswamy Stadium,Royal Challengers Bangalore,Mumbai Indians,Mumbai Indians,field,Royal Challengers Bangalore,2,,,,,CH Gayle,2,Indian Premier League
598000,2013,2013-04-05,Hyderabad,"Rajiv Gandhi International Stadium, Uppal",Sunrisers Hyderabad,Pune Warriors,Pune Warriors,field,Sunrisers Hyderabad,22,,,,,A Mishra,3,Indian Premier League
598001,2013,2013-04-06,Delhi,Feroz Shah Kotla,Delhi Daredevils,Rajasthan Royals,Rajasthan Royals,bat,Rajasthan Royals,5,,,,,R Dravid,4,Indian Premier League
598002,2013,2013-04-06,Chennai,"MA Chidambaram Stadium, Chepauk",Chennai Super Kings,Mumbai Indians,Mumbai Indians,bat,Mumbai Indians,9,,,,,KA Pollard,5,Indian Premier League
598003,2013,2013-04-07,Pune,Subrata Roy Sahara Stadium,Pune Warriors,Kings XI Punjab,Pune Warriors,bat,Kings XI Punjab,,8,,,,M Vohra,6,Indian Premier League
598004,2013,2013-04-07,Hyderabad,"Rajiv Gandhi International Stadium, Uppal",Sunrisers Hyderabad,Royal Challengers Bangalore,Royal Challengers Bangalore,bat,,,,tie,,Sunrisers Hyderabad,GH Vihari,7,Indian Premier League
598005,2013,2013-04-08,Jaipur,Sawai Mansingh Stadium,Rajasthan Royals,Kolkata Knight Riders,Kolkata Knight Riders,field,Rajasthan Royals,19,,,,,SK Trivedi,8,Indian Premier League
598048,2013,2013-04-09,Bangalore,M Chinnaswamy Stadium,Royal Challengers Bangalore,Sunrisers Hyderabad,Sunrisers Hyderabad,bat,Royal Challengers Bangalore,,7,,,,V Kohli,9,Indian Premier League
598006,2013,2013-04-09,Mumbai,Wankhede Stadium,Mumbai Indians,Delhi Daredevils,Mumbai Indians,bat,Mumbai Indians,44,,,,,KD Karthik,10,Indian Premier League
598007,2013,2013-04-10,Chandigarh,"Punjab Cricket Association Stadium, Mohali",Kings XI Punjab,Chennai Super Kings,Chennai Super Kings,field,Chennai Super Kings,,10,,,,MEK Hussey,11,Indian Premier League
598008,2013,2013-04-11,Bangalore,M Chinnaswamy Stadium,Royal Challengers Bangalore,Kolkata Knight Riders,Royal Challengers Bangalore,field,Royal Challengers Bangalore,,8,,,,CH Gayle,12,Indian Premier League
598009,2013,2013-04-11,Pune,Subrata Roy Sahara Stadium,Pune Warriors,Rajasthan Royals,Rajasthan Royals,bat,Pune Warriors,,7,,,,AJ Finch,13,Indian Premier League
598010,2013,2013-04-12,Delhi,Feroz Shah Kotla,Delhi Daredevils,Sunrisers Hyderabad,Delhi Daredevils,bat,Sunrisers Hyderabad,,3,,,,A Mishra,14,Indian Premier League
598012,2013,2013-04-13,Chennai,"MA Chidambaram Stadium, Chepauk",Chennai Super Kings,Royal Challengers Bangalore,Chennai Super Kings,field,Chennai Super Kings,,4,,,,RA Jadeja,16,Indian Premier League
598011,2013,2013-04-13,Mumbai,Wankhede Stadium,Mumbai Indians,Pune Warriors,Mumbai Indians,bat,Mumbai Indians,41,,,,,RG Sharma,15,Indian Premier League
598013,2013,2013-04-14,Kolkata,Eden Gardens,Kolkata Knight Riders,Sunrisers Hyderabad,Kolkata Knight Riders,bat,Kolkata Knight Riders,48,,,,,G Gambhir,17,Indian Premier League
598014,2013,2013-04-14,Jaipur,Sawai Mansingh Stadium,Rajasthan Royals,Kings XI Punjab,Rajasthan Royals,field,Rajasthan Royals,,6,,,,JP Faulkner,18,Indian Premier League
598015,2013,2013-04-15,Chennai,"MA Chidambaram Stadium, Chepauk",Chennai Super Kings,Pune Warriors,Pune Warriors,bat,Pune Warriors,24,,,,,SPD Smith,19,Indian Premier League
598016,2013,2013-04-16,Chandigarh,"Punjab Cricket Association Stadium, Mohali",Kings XI Punjab,Kolkata Knight Riders,Kolkata Knight Riders,field,Kings XI Punjab,4,,,,,MS Gony,20,Indian Premier League
598017,2013,2013-04-16,Bangalore,M Chinnaswamy Stadium,Royal Challengers Bangalore,Delhi Daredevils,Royal Challengers Bangalore,field,,,,tie,,Royal Challengers Bangalore,V Kohli,21,Indian Premier League
598018,2013,2013-04-17,Pune,Maharashtra Cricket Association Stadium,Pune Warriors,Sunrisers Hyderabad,Pune Warriors,field,Sunrisers Hyderabad,11,,,,,A Mishra,22,Indian Premier League
598019,2013,2013-04-17,Jaipur,Sawai Mansingh Stadium,Rajasthan Royals,Mumbai Indians,Rajasthan Royals,bat,Rajasthan Royals,87,,,,,AM Rahane,23,Indian Premier League
598020,2013,2013-04-18,Delhi,Feroz Shah Kotla,Delhi Daredevils,Chennai Super Kings,Chennai Super Kings,bat,Chennai Super Kings,86,,,,,MEK Hussey,24,Indian Premier League
598021,2013,2013-04-19,Hyderabad,"Rajiv Gandhi International Stadium, Uppal",Sunrisers Hyderabad,Kings XI Punjab,Kings XI Punjab,bat,Sunrisers Hyderabad,,5,,,,GH Vihari,25,Indian Premier League
598022,2013,2013-04-20,Kolkata,Eden Gardens,Kolkata Knight Riders,Chennai Super Kings,Kolkata Knight Riders,bat,Chennai Super Kings,,4,,,,RA Jadeja,26,Indian Premier League
598023,2013,2013-04-20,Bangalore,M Chinnaswamy Stadium,Royal Challengers Bangalore,Rajasthan Royals,Royal Challengers Bangalore,field,Royal Challengers Bangalore,,7,,,,R Vinay Kumar,27,Indian Premier League
598024,2013,2013-04-21,Delhi,Feroz Shah Kotla,Delhi Daredevils,Mumbai Indians,Mumbai Indians,bat,Delhi Daredevils,,9,,,,V Sehwag,28,Indian Premier League
598025,2013,2013-04-21,Chandigarh,"Punjab Cricket Association Stadium, Mohali",Kings XI Punjab,Pune Warriors,Kings XI Punjab,field,Kings XI Punjab,,7,,,,DA Miller,29,Indian Premier League
598026,2013,2013-04-22,Chennai,"MA Chidambaram Stadium, Chepauk",Chennai Super Kings,Rajasthan Royals,Rajasthan Royals,bat,Chennai Super Kings,,5,,,,MEK Hussey,30,Indian Premier League
598059,2013,2013-04-23,Delhi,Feroz Shah Kotla,Delhi Daredevils,Kings XI Punjab,Kings XI Punjab,field,Kings XI Punjab,,5,,,,Harmeet Singh,32,Indian Premier League
598027,2013,2013-04-23,Bangalore,M Chinnaswamy Stadium,Royal Challengers Bangalore,Pune Warriors,Pune Warriors,field,Royal Challengers Bangalore,130,,,,,CH Gayle,31,Indian Premier League
598029,2013,2013-04-24,Kolkata,Eden Gardens,Kolkata Knight Riders,Mumbai Indians,Kolkata Knight Riders,bat,Mumbai Indians,,5,,,,DR Smith,33,Indian Premier League
598030,2013,2013-04-25,Chennai,"MA Chidambaram Stadium, Chepauk",Chennai Super Kings,Sunrisers Hyderabad,Sunrisers Hyderabad,bat,Chennai Super Kings,,5,,,,MS Dhoni,34,Indian Premier League
598031,2013,2013-04-26,Kolkata,Eden Gardens,Kolkata Knight Riders,Kings XI Punjab,Kings XI Punjab,bat,Kolkata Knight Riders,,6,,,,JH Kallis,35,Indian Premier League
598032,2013,2013-04-27,Jaipur,Sawai Mansingh Stadium,Rajasthan Royals,Sunrisers Hyderabad,Sunrisers Hyderabad,bat,Rajasthan Royals,,8,,,,JP Faulkner,36,Indian Premier League
598033,2013,2013-04-27,Mumbai,Wankhede Stadium,Mumbai Indians,Royal Challengers Bangalore,Mumbai Indians,bat,Mumbai Indians,58,,,,,DR Smith,37,Indian Premier League
598034,2013,2013-04-28,Chennai,"MA Chidambaram Stadium, Chepauk",Chennai Super Kings,Kolkata Knight Riders,Kolkata Knight Riders,field,Chennai Super Kings,14,,,,,MEK Hussey,38,Indian Premier League
598035,2013,2013-04-28,Raipur,Shaheed Veer Narayan Singh International Stadium,Delhi Daredevils,Pune Warriors,Pune Warriors,field,Delhi Daredevils,15,,,,,DA Warner,39,Indian Premier League
598036,2013,2013-04-29,Jaipur,Sawai Mansingh Stadium,Rajasthan Royals,Royal Challengers Bangalore,Rajasthan Royals,field,Rajasthan Royals,,4,,,,SV Samson,40,Indian Premier League
598037,2013,2013-04-29,Mumbai,Wankhede Stadium,Mumbai Indians,Kings XI Punjab,Mumbai Indians,bat,Mumbai Indians,4,,,,,RG Sharma,41,Indian Premier League
598038,2013,2013-04-30,Pune,Subrata Roy Sahara Stadium,Pune Warriors,Chennai Super Kings,Chennai Super Kings,bat,Chennai Super Kings,37,,,,,MS Dhoni,42,Indian Premier League
598039,2013,2013-05-01,Hyderabad,"Rajiv Gandhi International Stadium, Uppal",Sunrisers Hyderabad,Mumbai Indians,Mumbai Indians,bat,Sunrisers Hyderabad,,7,,,,I Sharma,43,Indian Premier League
598040,2013,2013-05-01,Raipur,Shaheed Veer Narayan Singh International Stadium,Delhi Daredevils,Kolkata Knight Riders,Kolkata Knight Riders,bat,Delhi Daredevils,,7,,,,DA Warner,44,Indian Premier League
598041,2013,2013-05-02,Chennai,"MA Chidambaram Stadium, Chepauk",Chennai Super Kings,Kings XI Punjab,Chennai Super Kings,bat,Chennai Super Kings,15,,,,,SK Raina,45,Indian Premier League
598042,2013,2013-05-02,Pune,Subrata Roy Sahara Stadium,Pune Warriors,Royal Challengers Bangalore,Royal Challengers Bangalore,bat,Royal Challengers Bangalore,17,,,,,AB de Villiers,46,Indian Premier League
598043,2013,2013-05-03,Kolkata,Eden Gardens,Kolkata Knight Riders,Rajasthan Royals,Rajasthan Royals,bat,Kolkata Knight Riders,,8,,,,YK Pathan,47,Indian Premier League
598044,2013,2013-05-04,Hyderabad,"Rajiv Gandhi International Stadium, Uppal",Sunrisers Hyderabad,Delhi Daredevils,Delhi Daredevils,bat,Sunrisers Hyderabad,,6,,,,DJG Sammy,48,Indian Premier League
598046,2013,2013-05-05,Mumbai,Wankhede Stadium,Mumbai Indians,Chennai Super Kings,Mumbai Indians,bat,Mumbai Indians,60,,,,,MG Johnson,49,Indian Premier League
598047,2013,2013-05-05,Jaipur,Sawai Mansingh Stadium,Rajasthan Royals,Pune Warriors,Pune Warriors,bat,Rajasthan Royals,,5,,,,AM Rahane,50,Indian Premier League
598064,2013,2013-05-06,Chandigarh,"Punjab Cricket Association Stadium, Mohali",Kings XI Punjab,Royal Challengers Bangalore,Kings XI Punjab,field,Kings XI Punjab,,6,,,,DA Miller,51,Indian Premier League
598049,2013,2013-05-07,Jaipur,Sawai Mansingh Stadium,Rajasthan Royals,Delhi Daredevils,Delhi Daredevils,bat,Rajasthan Royals,,9,,,,AM Rahane,52,Indian Premier League
598050,2013,2013-05-07,Mumbai,Wankhede Stadium,Mumbai Indians,Kolkata Knight Riders,Mumbai Indians,bat,Mumbai Indians,65,,,,,SR Tendulkar,53,Indian Premier League
598051,2013,2013-05-08,Hyderabad,"Rajiv Gandhi International Stadium, Uppal",Sunrisers Hyderabad,Chennai Super Kings,Sunrisers Hyderabad,field,Chennai Super Kings,77,,,,,SK Raina,54,Indian Premier League
598052,2013,2013-05-09,Chandigarh,"Punjab Cricket Association Stadium, Mohali",Kings XI Punjab,Rajasthan Royals,Rajasthan Royals,field,Rajasthan Royals,,8,,,,KK Cooper,55,Indian Premier League
598053,2013,2013-05-09,Pune,Subrata Roy Sahara Stadium,Pune Warriors,Kolkata Knight Riders,Kolkata Knight Riders,bat,Kolkata Knight Riders,46,,,,,G Gambhir,56,Indian Premier League
598054,2013,2013-05-10,Delhi,Feroz Shah Kotla,Delhi Daredevils,Royal Challengers Bangalore,Delhi Daredevils,field,Royal Challengers Bangalore,4,,,,,JD Unadkat,57,Indian Premier League
598055,2013,2013-05-11,Pune,Subrata Roy Sahara Stadium,Pune Warriors,Mumbai Indians,Pune Warriors,bat,Mumbai Indians,,5,,,,MG Johnson,58,Indian Premier League
598056,2013,2013-05-11,Chandigarh,"Punjab Cricket Association Stadium, Mohali",Kings XI Punjab,Sunrisers Hyderabad,Kings XI Punjab,field,Sunrisers Hyderabad,30,,,,,PA Patel,59,Indian Premier League
598057,2013,2013-05-12,Ranchi,JSCA International Stadium Complex,Kolkata Knight Riders,Royal Challengers Bangalore,Kolkata Knight Riders,field,Kolkata Knight Riders,,5,,,,JH Kallis,60,Indian Premier League
598058,2013,2013-05-12,Jaipur,Sawai Mansingh Stadium,Rajasthan Royals,Chennai Super Kings,Rajasthan Royals,field,Rajasthan Royals,,5,,,,SR Watson,61,Indian Premier League
598060,2013,2013-05-13,Mumbai,Wankhede Stadium,Mumbai Indians,Sunrisers Hyderabad,Sunrisers Hyderabad,bat,Mumbai Indians,,7,,,,KA Pollard,62,Indian Premier League
598045,2013,2013-05-14,Bangalore,M Chinnaswamy Stadium,Royal Challengers Bangalore,Kings XI Punjab,Kings XI Punjab,field,Kings XI Punjab,,7,,,,AC Gilchrist,63,Indian Premier League
598062,2013,2013-05-14,Chennai,"MA Chidambaram Stadium, Chepauk",Chennai Super Kings,Delhi Daredevils,Chennai Super Kings,bat,Chennai Super Kings,33,,,,,MS Dhoni,64,Indian Premier League
598063,2013,2013-05-15,Mumbai,Wankhede Stadium,Mumbai Indians,Rajasthan Royals,Rajasthan Royals,field,Mumbai Indians,14,,,,,AP Tare,66,Indian Premier League
598061,2013,2013-05-15,Ranchi,JSCA International Stadium Complex,Kolkata Knight Riders,Pune Warriors,Kolkata Knight Riders,field,Pune Warriors,7,,,,,MK Pandey,65,Indian Premier League
598028,2013,2013-05-16,Dharamsala,Himachal Pradesh Cricket Association Stadium,Kings XI Punjab,Delhi Daredevils,Delhi Daredevils,field,Kings XI Punjab,7,,,,,DA Miller,67,Indian Premier League
598065,2013,2013-05-17,Hyderabad,"Rajiv Gandhi International Stadium, Uppal",Sunrisers Hyderabad,Rajasthan Royals,Sunrisers Hyderabad,bat,Sunrisers Hyderabad,23,,,,,A Mishra,68,Indian Premier League
598066,2013,2013-05-18,Dharamsala,Himachal Pradesh Cricket Association Stadium,Kings XI Punjab,Mumbai Indians,Mumbai Indians,field,Kings XI Punjab,50,,,,,Azhar Mahmood,69,Indian Premier League
598068,2013,2013-05-18,Bangalore,M Chinnaswamy Stadium,Royal Challengers Bangalore,Chennai Super Kings,Chennai Super Kings,field,Royal Challengers Bangalore,24,,,,,V Kohli,70,Indian Premier League
598067,2013,2013-05-19,Pune,Subrata Roy Sahara Stadium,Pune Warriors,Delhi Daredevils,Pune Warriors,bat,Pune Warriors,38,,,,,LJ Wright,71,Indian Premier League
598069,2013,2013-05-19,Hyderabad,"Rajiv Gandhi International Stadium, Uppal",Sunrisers Hyderabad,Kolkata Knight Riders,Kolkata Knight Riders,bat,Sunrisers Hyderabad,,5,,,,PA Patel,72,Indian Premier League
598070,2013,2013-05-21,Delhi,Feroz Shah Kotla,Chennai Super Kings,Mumbai Indians,Chennai Super Kings,bat,Chennai Super Kings,48,,,,,MEK Hussey,,Indian Premier League
598071,2013,2013-05-22,Delhi,Feroz Shah Kotla,Rajasthan Royals,Sunrisers Hyderabad,Sunrisers Hyderabad,bat,Rajasthan Royals,,4,,,,BJ Hodge,,Indian Premier League
598072,2013,2013-05-24,Kolkata,Eden Gardens,Mumbai Indians,Rajasthan Royals,Rajasthan Royals,bat,Mumbai Indians,,4,,,,Harbhajan Singh,,Indian Premier League
598073,2013,2013-05-26,Kolkata,Eden Gardens,Chennai Super Kings,Mumbai Indians,Mumbai Indians,bat,Mumbai Indians,23,,,,,KA Pollard,,Indian Premier League
729279,2014,2014-04-16,Abu Dhabi,Sheikh Zayed Stadium,Mumbai Indians,Kolkata Knight Riders,Kolkata Knight Riders,bat,Kolkata Knight Riders,41,,,,,JH Kallis,1,Indian Premier League
729281,2014,2014-04-17,,Sharjah Cricket Stadium,Delhi Daredevils,Royal Challengers Bangalore,Royal Challengers Bangalore,field,Royal Challengers Bangalore,,8,,,,YS Chahal,2,Indian Premier League
729285,2014,2014-04-18,Abu Dhabi,Sheikh Zayed Stadium,Sunrisers Hyderabad,Rajasthan Royals,Rajasthan Royals,field,Rajasthan Royals,,4,,,,AM Rahane,4,Indian Premier League
729283,2014,2014-04-18,Abu Dhabi,Sheikh Zayed Stadium,Chennai Super Kings,Kings XI Punjab,Chennai Super Kings,bat,Kings XI Punjab,,6,,,,GJ Maxwell,3,Indian Premier League
729287,2014,2014-04-19,,Dubai International Cricket Stadium,Royal Challengers Bangalore,Mumbai Indians,Royal Challengers Bangalore,field,Royal Challengers Bangalore,,7,,,,PA Patel,5,Indian Premier League
729289,2014,2014-04-19,,Dubai International Cricket Stadium,Kolkata Knight Riders,Delhi Daredevils,Kolkata Knight Riders,bat,Delhi Daredevils,,4,,,,JP Duminy,6,Indian Premier League
729291,2014,2014-04-20,,Sharjah Cricket Stadium,Rajasthan Royals,Kings XI Punjab,Kings XI Punjab,field,Kings XI Punjab,,7,,,,GJ Maxwell,7,Indian Premier League
729293,2014,2014-04-21,Abu Dhabi,Sheikh Zayed Stadium,Chennai Super Kings,Delhi Daredevils,Chennai Super Kings,bat,Chennai Super Kings,93,,,,,SK Raina,8,Indian Premier League
729295,2014,2014-04-22,,Sharjah Cricket Stadium,Kings XI Punjab,Sunrisers Hyderabad,Sunrisers Hyderabad,field,Kings XI Punjab,72,,,,,GJ Maxwell,9,Indian Premier League
729297,2014,2014-04-23,,Dubai International Cricket Stadium,Rajasthan Royals,Chennai Super Kings,Rajasthan Royals,field,Chennai Super Kings,7,,,,,RA Jadeja,10,Indian Premier League
729299,2014,2014-04-24,,Sharjah Cricket Stadium,Royal Challengers Bangalore,Kolkata Knight Riders,Royal Challengers Bangalore,field,Kolkata Knight Riders,2,,,,,CA Lynn,11,Indian Premier League
729301,2014,2014-04-25,,Dubai International Cricket Stadium,Sunrisers Hyderabad,Delhi Daredevils,Sunrisers Hyderabad,bat,Sunrisers Hyderabad,4,,,,,AJ Finch,12,Indian Premier League
729303,2014,2014-04-25,,Dubai International Cricket Stadium,Chennai Super Kings,Mumbai Indians,Mumbai Indians,bat,Chennai Super Kings,,7,,,,MM Sharma,13,Indian Premier League
729305,2014,2014-04-26,Abu Dhabi,Sheikh Zayed Stadium,Rajasthan Royals,Royal Challengers Bangalore,Rajasthan Royals,field,Rajasthan Royals,,6,,,,PV Tambe,14,Indian Premier League
729307,2014,2014-04-26,Abu Dhabi,Sheikh Zayed Stadium,Kolkata Knight Riders,Kings XI Punjab,Kolkata Knight Riders,field,Kings XI Punjab,23,,,,,Sandeep Sharma,15,Indian Premier League
729309,2014,2014-04-27,,Sharjah Cricket Stadium,Delhi Daredevils,Mumbai Indians,Mumbai Indians,bat,Delhi Daredevils,,6,,,,M Vijay,16,Indian Premier League
729311,2014,2014-04-27,,Sharjah Cricket Stadium,Sunrisers Hyderabad,Chennai Super Kings,Sunrisers Hyderabad,bat,Chennai Super Kings,,5,,,,DR Smith,17,Indian Premier League
729313,2014,2014-04-28,,Dubai International Cricket Stadium,Kings XI Punjab,Royal Challengers Bangalore,Kings XI Punjab,field,Kings XI Punjab,,5,,,,Sandeep Sharma,18,Indian Premier League
729315,2014,2014-04-29,Abu Dhabi,Sheikh Zayed Stadium,Kolkata Knight Riders,Rajasthan Royals,Rajasthan Royals,bat,,,,tie,,Rajasthan Royals,JP Faulkner,19,Indian Premier League
729317,2014,2014-04-30,,Dubai International Cricket Stadium,Mumbai Indians,Sunrisers Hyderabad,Mumbai Indians,field,Sunrisers Hyderabad,15,,,,,B Kumar,20,Indian Premier League
733971,2014,2014-05-02,Ranchi,JSCA International Stadium Complex,Chennai Super Kings,Kolkata Knight Riders,Chennai Super Kings,bat,Chennai Super Kings,34,,,,,RA Jadeja,21,Indian Premier League
733975,2014,2014-05-03,Delhi,Feroz Shah Kotla,Delhi Daredevils,Rajasthan Royals,Rajasthan Royals,field,Rajasthan Royals,,7,,,,KK Nair,23,Indian Premier League
733973,2014,2014-05-03,Mumbai,Wankhede Stadium,Mumbai Indians,Kings XI Punjab,Kings XI Punjab,bat,Mumbai Indians,,5,,,,CJ Anderson,22,Indian Premier League
733977,2014,2014-05-04,Bangalore,M Chinnaswamy Stadium,Royal Challengers Bangalore,Sunrisers Hyderabad,Royal Challengers Bangalore,field,Royal Challengers Bangalore,,4,,,,AB de Villiers,24,Indian Premier League
733979,2014,2014-05-05,Ahmedabad,"Sardar Patel Stadium, Motera",Rajasthan Royals,Kolkata Knight Riders,Kolkata Knight Riders,field,Rajasthan Royals,10,,,,,PV Tambe,25,Indian Premier League
733981,2014,2014-05-05,Delhi,Feroz Shah Kotla,Delhi Daredevils,Chennai Super Kings,Chennai Super Kings,field,Chennai Super Kings,,8,,,,DR Smith,26,Indian Premier League
733983,2014,2014-05-06,Mumbai,Wankhede Stadium,Mumbai Indians,Royal Challengers Bangalore,Royal Challengers Bangalore,field,Mumbai Indians,19,,,,,RG Sharma,27,Indian Premier League
733985,2014,2014-05-07,Delhi,Feroz Shah Kotla,Delhi Daredevils,Kolkata Knight Riders,Delhi Daredevils,bat,Kolkata Knight Riders,,8,,,,G Gambhir,28,Indian Premier League
733987,2014,2014-05-07,Cuttack,Barabati Stadium,Kings XI Punjab,Chennai Super Kings,Chennai Super Kings,field,Kings XI Punjab,44,,,,,GJ Maxwell,29,Indian Premier League
733989,2014,2014-05-08,Ahmedabad,"Sardar Patel Stadium, Motera",Rajasthan Royals,Sunrisers Hyderabad,Rajasthan Royals,field,Sunrisers Hyderabad,32,,,,,B Kumar,30,Indian Premier League
733991,2014,2014-05-09,Bangalore,M Chinnaswamy Stadium,Royal Challengers Bangalore,Kings XI Punjab,Royal Challengers Bangalore,field,Kings XI Punjab,32,,,,,Sandeep Sharma,31,Indian Premier League
733993,2014,2014-05-10,Delhi,Feroz Shah Kotla,Delhi Daredevils,Sunrisers Hyderabad,Sunrisers Hyderabad,field,Sunrisers Hyderabad,,8,,D/L,,DW Steyn,32,Indian Premier League
733995,2014,2014-05-10,Mumbai,Wankhede Stadium,Mumbai Indians,Chennai Super Kings,Chennai Super Kings,field,Chennai Super Kings,,4,,,,DR Smith,33,Indian Premier League
733999,2014,2014-05-11,Bangalore,M Chinnaswamy Stadium,Royal Challengers Bangalore,Rajasthan Royals,Royal Challengers Bangalore,bat,Rajasthan Royals,,5,,,,JP Faulkner,35,Indian Premier League
733997,2014,2014-05-11,Cuttack,Barabati Stadium,Kings XI Punjab,Kolkata Knight Riders,Kolkata Knight Riders,field,Kolkata Knight Riders,,9,,,,G Gambhir,34,Indian Premier League
734001,2014,2014-05-12,Hyderabad,"Rajiv Gandhi International Stadium, Uppal",Sunrisers Hyderabad,Mumbai Indians,Sunrisers Hyderabad,bat,Mumbai Indians,,7,,,,AT Rayudu,36,Indian Premier League
734003,2014,2014-05-13,Ranchi,JSCA International Stadium Complex,Chennai Super Kings,Rajasthan Royals,Rajasthan Royals,bat,Chennai Super Kings,,5,,,,RA Jadeja,37,Indian Premier League
734005,2014,2014-05-13,Bangalore,M Chinnaswamy Stadium,Royal Challengers Bangalore,Delhi Daredevils,Delhi Daredevils,field,Royal Challengers Bangalore,16,,,,,Yuvraj Singh,38,Indian Premier League
734009,2014,2014-05-14,Cuttack,Barabati Stadium,Kolkata Knight Riders,Mumbai Indians,Kolkata Knight Riders,field,Kolkata Knight Riders,,6,,,,RV Uthappa,40,Indian Premier League
734007,2014,2014-05-14,Hyderabad,"Rajiv Gandhi International Stadium, Uppal",Sunrisers Hyderabad,Kings XI Punjab,Kings XI Punjab,field,Kings XI Punjab,,6,,,,WP Saha,39,Indian Premier League
734011,2014,2014-05-15,Ahmedabad,"Sardar Patel Stadium, Motera",Rajasthan Royals,Delhi Daredevils,Delhi Daredevils,field,Rajasthan Royals,62,,,,,AM Rahane,41,Indian Premier League
734013,2014,2014-05-18,Ranchi,JSCA International Stadium Complex,Chennai Super Kings,Royal Challengers Bangalore,Chennai Super Kings,bat,Royal Challengers Bangalore,,5,,,,AB de Villiers,42,Indian Premier League
734015,2014,2014-05-18,Hyderabad,"Rajiv Gandhi International Stadium, Uppal",Sunrisers Hyderabad,Kolkata Knight Riders,Sunrisers Hyderabad,bat,Kolkata Knight Riders,,7,,,,UT Yadav,43,Indian Premier League
734017,2014,2014-05-19,Ahmedabad,"Sardar Patel Stadium, Motera",Rajasthan Royals,Mumbai Indians,Mumbai Indians,bat,Mumbai Indians,25,,,,,MEK Hussey,44,Indian Premier League
734019,2014,2014-05-19,Delhi,Feroz Shah Kotla,Delhi Daredevils,Kings XI Punjab,Kings XI Punjab,field,Kings XI Punjab,,4,,,,AR Patel,45,Indian Premier League
734021,2014,2014-05-20,Hyderabad,"Rajiv Gandhi International Stadium, Uppal",Sunrisers Hyderabad,Royal Challengers Bangalore,Royal Challengers Bangalore,bat,Sunrisers Hyderabad,,7,,,,DA Warner,46,Indian Premier League
734023,2014,2014-05-20,Kolkata,Eden Gardens,Kolkata Knight Riders,Chennai Super Kings,Kolkata Knight Riders,field,Kolkata Knight Riders,,8,,,,RV Uthappa,47,Indian Premier League
734025,2014,2014-05-21,Chandigarh,"Punjab Cricket Association Stadium, Mohali",Kings XI Punjab,Mumbai Indians,Mumbai Indians,field,Mumbai Indians,,7,,,,LMP Simmons,48,Indian Premier League
734027,2014,2014-05-22,Kolkata,Eden Gardens,Kolkata Knight Riders,Royal Challengers Bangalore,Royal Challengers Bangalore,field,Kolkata Knight Riders,30,,,,,RV Uthappa,49,Indian Premier League
734029,2014,2014-05-22,Ranchi,JSCA International Stadium Complex,Chennai Super Kings,Sunrisers Hyderabad,Sunrisers Hyderabad,field,Sunrisers Hyderabad,,6,,,,DA Warner,50,Indian Premier League
734031,2014,2014-05-23,Mumbai,Wankhede Stadium,Mumbai Indians,Delhi Daredevils,Delhi Daredevils,field,Mumbai Indians,15,,,,,MEK Hussey,51,Indian Premier League
734033,2014,2014-05-23,Chandigarh,"Punjab Cricket Association Stadium, Mohali",Kings XI Punjab,Rajasthan Royals,Rajasthan Royals,field,Kings XI Punjab,16,,,,,SE Marsh,52,Indian Premier League
734035,2014,2014-05-24,Bangalore,M Chinnaswamy Stadium,Royal Challengers Bangalore,Chennai Super Kings,Chennai Super Kings,field,Chennai Super Kings,,8,,,,MS Dhoni,53,Indian Premier League
734037,2014,2014-05-24,Kolkata,Eden Gardens,Kolkata Knight Riders,Sunrisers Hyderabad,Kolkata Knight Riders,field,Kolkata Knight Riders,,4,,,,YK Pathan,54,Indian Premier League
734039,2014,2014-05-25,Chandigarh,"Punjab Cricket Association Stadium, Mohali",Kings XI Punjab,Delhi Daredevils,Kings XI Punjab,field,Kings XI Punjab,,7,,,,M Vohra,55,Indian Premier League
734041,2014,2014-05-25,Mumbai,Wankhede Stadium,Mumbai Indians,Rajasthan Royals,Mumbai Indians,field,Mumbai Indians,,5,,,,CJ Anderson,56,Indian Premier League
734043,2014,2014-05-27,Kolkata,Eden Gardens,Kings XI Punjab,Kolkata Knight Riders,Kings XI Punjab,field,Kolkata Knight Riders,28,,,,,UT Yadav,,Indian Premier League
734045,2014,2014-05-28,Mumbai,Brabourne Stadium,Chennai Super Kings,Mumbai Indians,Chennai Super Kings,field,Chennai Super Kings,,7,,,,SK Raina,,Indian Premier League
734047,2014,2014-05-30,Mumbai,Wankhede Stadium,Chennai Super Kings,Kings XI Punjab,Chennai Super Kings,field,Kings XI Punjab,24,,,,,V Sehwag,,Indian Premier League
734049,2014,2014-06-01,Bangalore,M Chinnaswamy Stadium,Kolkata Knight Riders,Kings XI Punjab,Kolkata Knight Riders,field,Kolkata Knight Riders,,3,,,,MK Pandey,,Indian Premier League
829705,2015,2015-04-08,Kolkata,Eden Gardens,Kolkata Knight Riders,Mumbai Indians,Kolkata Knight Riders,field,Kolkata Knight Riders,,7,,,,M Morkel,1,Indian Premier League
829707,2015,2015-04-09,Chennai,"MA Chidambaram Stadium, Chepauk",Chennai Super Kings,Delhi Daredevils,Delhi Daredevils,field,Chennai Super Kings,1,,,,,A Nehra,2,Indian Premier League
829709,2015,2015-04-10,Pune,Maharashtra Cricket Association Stadium,Kings XI Punjab,Rajasthan Royals,Kings XI Punjab,field,Rajasthan Royals,26,,,,,JP Faulkner,3,Indian Premier League
829711,2015,2015-04-11,Chennai,"MA Chidambaram Stadium, Chepauk",Chennai Super Kings,Sunrisers Hyderabad,Chennai Super Kings,bat,Chennai Super Kings,45,,,,,BB McCullum,4,Indian Premier League
829713,2015,2015-04-11,Kolkata,Eden Gardens,Kolkata Knight Riders,Royal Challengers Bangalore,Royal Challengers Bangalore,field,Royal Challengers Bangalore,,3,,,,CH Gayle,5,Indian Premier League
829715,2015,2015-04-12,Delhi,Feroz Shah Kotla,Delhi Daredevils,Rajasthan Royals,Rajasthan Royals,field,Rajasthan Royals,,3,,,,DJ Hooda,6,Indian Premier League
829717,2015,2015-04-12,Mumbai,Wankhede Stadium,Mumbai Indians,Kings XI Punjab,Mumbai Indians,field,Kings XI Punjab,18,,,,,GJ Bailey,7,Indian Premier League
829719,2015,2015-04-13,Bangalore,M Chinnaswamy Stadium,Royal Challengers Bangalore,Sunrisers Hyderabad,Sunrisers Hyderabad,field,Sunrisers Hyderabad,,8,,,,DA Warner,8,Indian Premier League
829721,2015,2015-04-14,Ahmedabad,"Sardar Patel Stadium, Motera",Rajasthan Royals,Mumbai Indians,Mumbai Indians,bat,Rajasthan Royals,,7,,,,SPD Smith,9,Indian Premier League
829725,2015,2015-04-15,Pune,Maharashtra Cricket Association Stadium,Kings XI Punjab,Delhi Daredevils,Kings XI Punjab,bat,Delhi Daredevils,,5,,,,MA Agarwal,10,Indian Premier League
829727,2015,2015-04-16,Visakhapatnam,Dr. Y.S. Rajasekhara Reddy ACA-VDCA Cricket Stadium,Sunrisers Hyderabad,Rajasthan Royals,Rajasthan Royals,field,Rajasthan Royals,,6,,,,AM Rahane,11,Indian Premier League
829729,2015,2015-04-17,Mumbai,Wankhede Stadium,Mumbai Indians,Chennai Super Kings,Mumbai Indians,bat,Chennai Super Kings,,6,,,,A Nehra,12,Indian Premier League
829731,2015,2015-04-18,Visakhapatnam,Dr. Y.S. Rajasekhara Reddy ACA-VDCA Cricket Stadium,Sunrisers Hyderabad,Delhi Daredevils,Delhi Daredevils,bat,Delhi Daredevils,4,,,,,JP Duminy,13,Indian Premier League
829733,2015,2015-04-18,Pune,Maharashtra Cricket Association Stadium,Kings XI Punjab,Kolkata Knight Riders,Kolkata Knight Riders,field,Kolkata Knight Riders,,4,,,,AD Russell,14,Indian Premier League
829735,2015,2015-04-19,Ahmedabad,"Sardar Patel Stadium, Motera",Rajasthan Royals,Chennai Super Kings,Chennai Super Kings,bat,Rajasthan Royals,,8,,,,AM Rahane,15,Indian Premier League
829737,2015,2015-04-19,Bangalore,M Chinnaswamy Stadium,Royal Challengers Bangalore,Mumbai Indians,Royal Challengers Bangalore,field,Mumbai Indians,18,,,,,Harbhajan Singh,16,Indian Premier League
829739,2015,2015-04-20,Delhi,Feroz Shah Kotla,Delhi Daredevils,Kolkata Knight Riders,Kolkata Knight Riders,field,Kolkata Knight Riders,,6,,,,UT Yadav,17,Indian Premier League
829741,2015,2015-04-21,Ahmedabad,"Sardar Patel Stadium, Motera",Rajasthan Royals,Kings XI Punjab,Kings XI Punjab,field,,,,tie,,Kings XI Punjab,SE Marsh,18,Indian Premier League
829743,2015,2015-04-22,Visakhapatnam,Dr. Y.S. Rajasekhara Reddy ACA-VDCA Cricket Stadium,Sunrisers Hyderabad,Kolkata Knight Riders,Kolkata Knight Riders,field,Sunrisers Hyderabad,16,,,D/L,,DA Warner,19,Indian Premier League
829745,2015,2015-04-22,Bangalore,M Chinnaswamy Stadium,Royal Challengers Bangalore,Chennai Super Kings,Royal Challengers Bangalore,field,Chennai Super Kings,27,,,,,SK Raina,20,Indian Premier League
829747,2015,2015-04-23,Delhi,Feroz Shah Kotla,Delhi Daredevils,Mumbai Indians,Mumbai Indians,field,Delhi Daredevils,37,,,,,SS Iyer,21,Indian Premier League
829749,2015,2015-04-24,Ahmedabad,"Sardar Patel Stadium, Motera",Rajasthan Royals,Royal Challengers Bangalore,Royal Challengers Bangalore,field,Royal Challengers Bangalore,,9,,,,MA Starc,22,Indian Premier League
829751,2015,2015-04-25,Mumbai,Wankhede Stadium,Mumbai Indians,Sunrisers Hyderabad,Mumbai Indians,bat,Mumbai Indians,20,,,,,SL Malinga,23,Indian Premier League
829753,2015,2015-04-25,Chennai,"MA Chidambaram Stadium, Chepauk",Chennai Super Kings,Kings XI Punjab,Chennai Super Kings,bat,Chennai Super Kings,97,,,,,BB McCullum,24,Indian Premier League
829757,2015,2015-04-26,Delhi,Feroz Shah Kotla,Delhi Daredevils,Royal Challengers Bangalore,Royal Challengers Bangalore,field,Royal Challengers Bangalore,,10,,,,VR Aaron,26,Indian Premier League
829759,2015,2015-04-27,Chandigarh,"Punjab Cricket Association Stadium, Mohali",Kings XI Punjab,Sunrisers Hyderabad,Kings XI Punjab,field,Sunrisers Hyderabad,20,,,,,TA Boult,27,Indian Premier League
829765,2015,2015-04-28,Chennai,"MA Chidambaram Stadium, Chepauk",Chennai Super Kings,Kolkata Knight Riders,Kolkata Knight Riders,field,Chennai Super Kings,2,,,,,DJ Bravo,28,Indian Premier League
829763,2015,2015-04-29,Bangalore,M Chinnaswamy Stadium,Royal Challengers Bangalore,Rajasthan Royals,Rajasthan Royals,field,,,,no result,,,,29,Indian Premier League
829723,2015,2015-04-30,Kolkata,Eden Gardens,Kolkata Knight Riders,Chennai Super Kings,Kolkata Knight Riders,field,Kolkata Knight Riders,,7,,,,AD Russell,30,Indian Premier League
829769,2015,2015-05-01,Mumbai,Wankhede Stadium,Mumbai Indians,Rajasthan Royals,Rajasthan Royals,field,Mumbai Indians,8,,,,,AT Rayudu,32,Indian Premier League
829767,2015,2015-05-01,Delhi,Feroz Shah Kotla,Delhi Daredevils,Kings XI Punjab,Delhi Daredevils,field,Delhi Daredevils,,9,,,,NM Coulter-Nile,31,Indian Premier League
829771,2015,2015-05-02,Bangalore,M Chinnaswamy Stadium,Royal Challengers Bangalore,Kolkata Knight Riders,Royal Challengers Bangalore,field,Royal Challengers Bangalore,,7,,,,Mandeep Singh,33,Indian Premier League
829773,2015,2015-05-02,Hyderabad,"Rajiv Gandhi International Stadium, Uppal",Sunrisers Hyderabad,Chennai Super Kings,Chennai Super Kings,field,Sunrisers Hyderabad,22,,,,,DA Warner,34,Indian Premier League
829775,2015,2015-05-03,Chandigarh,"Punjab Cricket Association Stadium, Mohali",Kings XI Punjab,Mumbai Indians,Mumbai Indians,bat,Mumbai Indians,23,,,,,LMP Simmons,35,Indian Premier League
829777,2015,2015-05-03,Mumbai,Brabourne Stadium,Rajasthan Royals,Delhi Daredevils,Delhi Daredevils,field,Rajasthan Royals,14,,,,,AM Rahane,36,Indian Premier League
829779,2015,2015-05-04,Chennai,"MA Chidambaram Stadium, Chepauk",Chennai Super Kings,Royal Challengers Bangalore,Chennai Super Kings,bat,Chennai Super Kings,24,,,,,SK Raina,37,Indian Premier League
829781,2015,2015-05-04,Kolkata,Eden Gardens,Kolkata Knight Riders,Sunrisers Hyderabad,Sunrisers Hyderabad,field,Kolkata Knight Riders,35,,,,,UT Yadav,38,Indian Premier League
829783,2015,2015-05-05,Mumbai,Wankhede Stadium,Mumbai Indians,Delhi Daredevils,Delhi Daredevils,bat,Mumbai Indians,,5,,,,Harbhajan Singh,39,Indian Premier League
829785,2015,2015-05-06,Bangalore,M Chinnaswamy Stadium,Royal Challengers Bangalore,Kings XI Punjab,Kings XI Punjab,field,Royal Challengers Bangalore,138,,,,,CH Gayle,40,Indian Premier League
829787,2015,2015-05-07,Mumbai,Brabourne Stadium,Rajasthan Royals,Sunrisers Hyderabad,Rajasthan Royals,field,Sunrisers Hyderabad,7,,,,,EJG Morgan,41,Indian Premier League
829761,2015,2015-05-07,Kolkata,Eden Gardens,Kolkata Knight Riders,Delhi Daredevils,Kolkata Knight Riders,bat,Kolkata Knight Riders,13,,,,,PP Chawla,42,Indian Premier League
829789,2015,2015-05-08,Chennai,"MA Chidambaram Stadium, Chepauk",Chennai Super Kings,Mumbai Indians,Chennai Super Kings,bat,Mumbai Indians,,6,,,,HH Pandya,43,Indian Premier League
829791,2015,2015-05-09,Kolkata,Eden Gardens,Kolkata Knight Riders,Kings XI Punjab,Kings XI Punjab,bat,Kolkata Knight Riders,,1,,,,AD Russell,44,Indian Premier League
829793,2015,2015-05-09,Raipur,Shaheed Veer Narayan Singh International Stadium,Delhi Daredevils,Sunrisers Hyderabad,Sunrisers Hyderabad,bat,Sunrisers Hyderabad,6,,,,,MC Henriques,45,Indian Premier League
829795,2015,2015-05-10,Mumbai,Wankhede Stadium,Mumbai Indians,Royal Challengers Bangalore,Royal Challengers Bangalore,bat,Royal Challengers Bangalore,39,,,,,AB de Villiers,46,Indian Premier League
829797,2015,2015-05-10,Chennai,"MA Chidambaram Stadium, Chepauk",Chennai Super Kings,Rajasthan Royals,Chennai Super Kings,bat,Chennai Super Kings,12,,,,,RA Jadeja,47,Indian Premier League
829799,2015,2015-05-11,Hyderabad,"Rajiv Gandhi International Stadium, Uppal",Sunrisers Hyderabad,Kings XI Punjab,Sunrisers Hyderabad,bat,Sunrisers Hyderabad,5,,,,,DA Warner,48,Indian Premier League
829801,2015,2015-05-12,Raipur,Shaheed Veer Narayan Singh International Stadium,Delhi Daredevils,Chennai Super Kings,Chennai Super Kings,bat,Delhi Daredevils,,6,,,,Z Khan,49,Indian Premier League
829803,2015,2015-05-13,Chandigarh,"Punjab Cricket Association Stadium, Mohali",Kings XI Punjab,Royal Challengers Bangalore,Royal Challengers Bangalore,field,Kings XI Punjab,22,,,,,AR Patel,50,Indian Premier League
829805,2015,2015-05-14,Mumbai,Wankhede Stadium,Mumbai Indians,Kolkata Knight Riders,Kolkata Knight Riders,field,Mumbai Indians,5,,,,,HH Pandya,51,Indian Premier League
829807,2015,2015-05-15,Hyderabad,"Rajiv Gandhi International Stadium, Uppal",Sunrisers Hyderabad,Royal Challengers Bangalore,Sunrisers Hyderabad,bat,Royal Challengers Bangalore,,6,,D/L,,V Kohli,52,Indian Premier League
829811,2015,2015-05-16,Mumbai,Brabourne Stadium,Rajasthan Royals,Kolkata Knight Riders,Rajasthan Royals,bat,Rajasthan Royals,9,,,,,SR Watson,54,Indian Premier League
829809,2015,2015-05-16,Chandigarh,"Punjab Cricket Association Stadium, Mohali",Kings XI Punjab,Chennai Super Kings,Kings XI Punjab,bat,Chennai Super Kings,,7,,,,P Negi,53,Indian Premier League
829813,2015,2015-05-17,Bangalore,M Chinnaswamy Stadium,Royal Challengers Bangalore,Delhi Daredevils,Royal Challengers Bangalore,field,,,,no result,,,,55,Indian Premier League
829815,2015,2015-05-17,Hyderabad,"Rajiv Gandhi International Stadium, Uppal",Sunrisers Hyderabad,Mumbai Indians,Sunrisers Hyderabad,bat,Mumbai Indians,,9,,,,MJ McClenaghan,56,Indian Premier League
829817,2015,2015-05-19,Mumbai,Wankhede Stadium,Chennai Super Kings,Mumbai Indians,Mumbai Indians,bat,Mumbai Indians,25,,,,,KA Pollard,,Indian Premier League
829819,2015,2015-05-20,Pune,Maharashtra Cricket Association Stadium,Royal Challengers Bangalore,Rajasthan Royals,Royal Challengers Bangalore,bat,Royal Challengers Bangalore,71,,,,,AB de Villiers,,Indian Premier League
829821,2015,2015-05-22,Ranchi,JSCA International Stadium Complex,Chennai Super Kings,Royal Challengers Bangalore,Chennai Super Kings,field,Chennai Super Kings,,3,,,,A Nehra,,Indian Premier League
829823,2015,2015-05-24,Kolkata,Eden Gardens,Mumbai Indians,Chennai Super Kings,Chennai Super Kings,field,Mumbai Indians,41,,,,,RG Sharma,,Indian Premier League
980901,2016,2016-04-09,Mumbai,Wankhede Stadium,Mumbai Indians,Rising Pune Supergiants,Mumbai Indians,bat,Rising Pune Supergiants,,9,,,,AM Rahane,1,Indian Premier League
980903,2016,2016-04-10,Kolkata,Eden Gardens,Kolkata Knight Riders,Delhi Daredevils,Kolkata Knight Riders,field,Kolkata Knight Riders,,9,,,,AD Russell,2,Indian Premier League
980905,2016,2016-04-11,Chandigarh,"Punjab Cricket Association IS Bindra Stadium, Mohali",Kings XI Punjab,Gujarat Lions,Gujarat Lions,field,Gujarat Lions,,5,,,,AJ Finch,3,Indian Premier League
980907,2016,2016-04-12,Bangalore,M Chinnaswamy Stadium,Royal Challengers Bangalore,Sunrisers Hyderabad,Sunrisers Hyderabad,field,Royal Challengers Bangalore,45,,,,,AB de Villiers,4,Indian Premier League
980909,2016,2016-04-13,Kolkata,Eden Gardens,Kolkata Knight Riders,Mumbai Indians,Mumbai Indians,field,Mumbai Indians,,6,,,,RG Sharma,5,Indian Premier League
980911,2016,2016-04-14,Rajkot,Saurashtra Cricket Association Stadium,Gujarat Lions,Rising Pune Supergiants,Rising Pune Supergiants,bat,Gujarat Lions,,7,,,,AJ Finch,6,Indian Premier League
980913,2016,2016-04-15,Delhi,Feroz Shah Kotla,Delhi Daredevils,Kings XI Punjab,Delhi Daredevils,field,Delhi Daredevils,,8,,,,A Mishra,7,Indian Premier League
980915,2016,2016-04-16,Hyderabad,"Rajiv Gandhi International Stadium, Uppal",Sunrisers Hyderabad,Kolkata Knight Riders,Sunrisers Hyderabad,bat,Kolkata Knight Riders,,8,,,,G Gambhir,8,Indian Premier League
980917,2016,2016-04-16,Mumbai,Wankhede Stadium,Mumbai Indians,Gujarat Lions,Gujarat Lions,field,Gujarat Lions,,3,,,,AJ Finch,9,Indian Premier League
980921,2016,2016-04-17,Bangalore,M Chinnaswamy Stadium,Royal Challengers Bangalore,Delhi Daredevils,Delhi Daredevils,field,Delhi Daredevils,,7,,,,Q de Kock,11,Indian Premier League
980919,2016,2016-04-17,Chandigarh,"Punjab Cricket Association IS Bindra Stadium, Mohali",Kings XI Punjab,Rising Pune Supergiants,Rising Pune Supergiants,bat,Kings XI Punjab,,6,,,,M Vohra,10,Indian Premier League
980923,2016,2016-04-18,Hyderabad,"Rajiv Gandhi International Stadium, Uppal",Sunrisers Hyderabad,Mumbai Indians,Sunrisers Hyderabad,field,Sunrisers Hyderabad,,7,,,,DA Warner,12,Indian Premier League
980925,2016,2016-04-19,Chandigarh,"Punjab Cricket Association IS Bindra Stadium, Mohali",Kings XI Punjab,Kolkata Knight Riders,Kolkata Knight Riders,field,Kolkata Knight Riders,,6,,,,RV Uthappa,13,Indian Premier League
980927,2016,2016-04-20,Mumbai,Wankhede Stadium,Mumbai Indians,Royal Challengers Bangalore,Mumbai Indians,field,Mumbai Indians,,6,,,,RG Sharma,14,Indian Premier League
980929,2016,2016-04-21,Rajkot,Saurashtra Cricket Association Stadium,Gujarat Lions,Sunrisers Hyderabad,Sunrisers Hyderabad,field,Sunrisers Hyderabad,,10,,,,B Kumar,15,Indian Premier League
980931,2016,2016-04-22,Pune,Maharashtra Cricket Association Stadium,Rising Pune Supergiants,Royal Challengers Bangalore,Rising Pune Supergiants,field,Royal Challengers Bangalore,13,,,,,AB de Villiers,16,Indian Premier League
980933,2016,2016-04-23,Delhi,Feroz Shah Kotla,Delhi Daredevils,Mumbai Indians,Mumbai Indians,field,Delhi Daredevils,10,,,,,SV Samson,17,Indian Premier League
980935,2016,2016-04-23,Hyderabad,"Rajiv Gandhi International Stadium, Uppal",Sunrisers Hyderabad,Kings XI Punjab,Sunrisers Hyderabad,field,Sunrisers Hyderabad,,5,,,,Mustafizur Rahman,18,Indian Premier League
980937,2016,2016-04-24,Rajkot,Saurashtra Cricket Association Stadium,Gujarat Lions,Royal Challengers Bangalore,Royal Challengers Bangalore,bat,Gujarat Lions,,6,,,,V Kohli,19,Indian Premier League
980939,2016,2016-04-24,Pune,Maharashtra Cricket Association Stadium,Rising Pune Supergiants,Kolkata Knight Riders,Kolkata Knight Riders,field,Kolkata Knight Riders,,2,,,,SA Yadav,20,Indian Premier League
980941,2016,2016-04-25,Chandigarh,"Punjab Cricket Association IS Bindra Stadium, Mohali",Kings XI Punjab,Mumbai Indians,Kings XI Punjab,field,Mumbai Indians,25,,,,,PA Patel,21,Indian Premier League
980943,2016,2016-04-26,Hyderabad,"Rajiv Gandhi International Stadium, Uppal",Sunrisers Hyderabad,Rising Pune Supergiants,Rising Pune Supergiants,field,Rising Pune Supergiants,34,,,D/L,,AB Dinda,22,Indian Premier League
980945,2016,2016-04-27,Delhi,Feroz Shah Kotla,Delhi Daredevils,Gujarat Lions,Delhi Daredevils,field,Gujarat Lions,1,,,,,CH Morris,23,Indian Premier League
980947,2016,2016-04-28,Mumbai,Wankhede Stadium,Mumbai Indians,Kolkata Knight Riders,Mumbai Indians,field,Mumbai Indians,,6,,,,RG Sharma,24,Indian Premier League
980949,2016,2016-04-29,Pune,Maharashtra Cricket Association Stadium,Rising Pune Supergiants,Gujarat Lions,Gujarat Lions,field,Gujarat Lions,,3,,,,DR Smith,25,Indian Premier League
980953,2016,2016-04-30,Hyderabad,"Rajiv Gandhi International Stadium, Uppal",Sunrisers Hyderabad,Royal Challengers Bangalore,Royal Challengers Bangalore,field,Sunrisers Hyderabad,15,,,,,DA Warner,27,Indian Premier League
980951,2016,2016-04-30,Delhi,Feroz Shah Kotla,Delhi Daredevils,Kolkata Knight Riders,Kolkata Knight Riders,field,Delhi Daredevils,27,,,,,CR Brathwaite,26,Indian Premier League
980955,2016,2016-05-01,Rajkot,Saurashtra Cricket Association Stadium,Gujarat Lions,Kings XI Punjab,Gujarat Lions,field,Kings XI Punjab,23,,,,,AR Patel,28,Indian Premier League
980957,2016,2016-05-01,Pune,Maharashtra Cricket Association Stadium,Rising Pune Supergiants,Mumbai Indians,Mumbai Indians,field,Mumbai Indians,,8,,,,RG Sharma,29,Indian Premier League
980959,2016,2016-05-02,Bangalore,M Chinnaswamy Stadium,Royal Challengers Bangalore,Kolkata Knight Riders,Kolkata Knight Riders,field,Kolkata Knight Riders,,5,,,,AD Russell,30,Indian Premier League
980961,2016,2016-05-03,Rajkot,Saurashtra Cricket Association Stadium,Gujarat Lions,Delhi Daredevils,Delhi Daredevils,field,Delhi Daredevils,,8,,,,RR Pant,31,Indian Premier League
980963,2016,2016-05-04,Kolkata,Eden Gardens,Kolkata Knight Riders,Kings XI Punjab,Kings XI Punjab,field,Kolkata Knight Riders,7,,,,,AD Russell,32,Indian Premier League
980965,2016,2016-05-05,Delhi,Feroz Shah Kotla,Delhi Daredevils,Rising Pune Supergiants,Rising Pune Supergiants,field,Rising Pune Supergiants,,7,,,,AM Rahane,33,Indian Premier League
980967,2016,2016-05-06,Hyderabad,"Rajiv Gandhi International Stadium, Uppal",Sunrisers Hyderabad,Gujarat Lions,Sunrisers Hyderabad,field,Sunrisers Hyderabad,,5,,,,B Kumar,34,Indian Premier League
980969,2016,2016-05-07,Bangalore,M Chinnaswamy Stadium,Royal Challengers Bangalore,Rising Pune Supergiants,Royal Challengers Bangalore,field,Royal Challengers Bangalore,,7,,,,V Kohli,35,Indian Premier League
980971,2016,2016-05-07,Chandigarh,"Punjab Cricket Association IS Bindra Stadium, Mohali",Kings XI Punjab,Delhi Daredevils,Delhi Daredevils,field,Kings XI Punjab,9,,,,,MP Stoinis,36,Indian Premier League
980973,2016,2016-05-08,Visakhapatnam,Dr. Y.S. Rajasekhara Reddy ACA-VDCA Cricket Stadium,Mumbai Indians,Sunrisers Hyderabad,Mumbai Indians,field,Sunrisers Hyderabad,85,,,,,A Nehra,37,Indian Premier League
980975,2016,2016-05-08,Kolkata,Eden Gardens,Kolkata Knight Riders,Gujarat Lions,Gujarat Lions,field,Gujarat Lions,,5,,,,P Kumar,38,Indian Premier League
980977,2016,2016-05-09,Chandigarh,"Punjab Cricket Association IS Bindra Stadium, Mohali",Kings XI Punjab,Royal Challengers Bangalore,Kings XI Punjab,field,Royal Challengers Bangalore,1,,,,,SR Watson,39,Indian Premier League
980979,2016,2016-05-10,Visakhapatnam,Dr. Y.S. Rajasekhara Reddy ACA-VDCA Cricket Stadium,Rising Pune Supergiants,Sunrisers Hyderabad,Sunrisers Hyderabad,bat,Sunrisers Hyderabad,4,,,,,A Zampa,40,Indian Premier League
980981,2016,2016-05-11,Bangalore,M Chinnaswamy Stadium,Royal Challengers Bangalore,Mumbai Indians,Mumbai Indians,field,Mumbai Indians,,6,,,,KH Pandya,41,Indian Premier League
980983,2016,2016-05-12,Hyderabad,"Rajiv Gandhi International Stadium, Uppal",Sunrisers Hyderabad,Delhi Daredevils,Delhi Daredevils,field,Delhi Daredevils,,7,,,,CH Morris,42,Indian Premier League
980985,2016,2016-05-13,Visakhapatnam,Dr. Y.S. Rajasekhara Reddy ACA-VDCA Cricket Stadium,Mumbai Indians,Kings XI Punjab,Mumbai Indians,bat,Kings XI Punjab,,7,,,,MP Stoinis,43,Indian Premier League
980987,2016,2016-05-14,Bangalore,M Chinnaswamy Stadium,Royal Challengers Bangalore,Gujarat Lions,Gujarat Lions,field,Royal Challengers Bangalore,144,,,,,AB de Villiers,44,Indian Premier League
980989,2016,2016-05-14,Kolkata,Eden Gardens,Kolkata Knight Riders,Rising Pune Supergiants,Rising Pune Supergiants,bat,Kolkata Knight Riders,,8,,D/L,,YK Pathan,45,Indian Premier League
980993,2016,2016-05-15,Visakhapatnam,Dr. Y.S. Rajasekhara Reddy ACA-VDCA Cricket Stadium,Mumbai Indians,Delhi Daredevils,Delhi Daredevils,field,Mumbai Indians,80,,,,,KH Pandya,47,Indian Premier League
980991,2016,2016-05-15,Chandigarh,"Punjab Cricket Association IS Bindra Stadium, Mohali",Kings XI Punjab,Sunrisers Hyderabad,Kings XI Punjab,bat,Sunrisers Hyderabad,,7,,,,HM Amla,46,Indian Premier League
980995,2016,2016-05-16,Kolkata,Eden Gardens,Kolkata Knight Riders,Royal Challengers Bangalore,Royal Challengers Bangalore,field,Royal Challengers Bangalore,,9,,,,V Kohli,48,Indian Premier League
980997,2016,2016-05-17,Visakhapatnam,Dr. Y.S. Rajasekhara Reddy ACA-VDCA Cricket Stadium,Rising Pune Supergiants,Delhi Daredevils,Rising Pune Supergiants,field,Rising Pune Supergiants,19,,,D/L,,AB Dinda,49,Indian Premier League
980999,2016,2016-05-18,Bangalore,M Chinnaswamy Stadium,Royal Challengers Bangalore,Kings XI Punjab,Kings XI Punjab,field,Royal Challengers Bangalore,82,,,D/L,,V Kohli,50,Indian Premier League
981001,2016,2016-05-19,Kanpur,Green Park,Gujarat Lions,Kolkata Knight Riders,Gujarat Lions,field,Gujarat Lions,,6,,,,DR Smith,51,Indian Premier League
981003,2016,2016-05-20,Raipur,Shaheed Veer Narayan Singh International Stadium,Delhi Daredevils,Sunrisers Hyderabad,Delhi Daredevils,field,Delhi Daredevils,,6,,,,KK Nair,52,Indian Premier League
981005,2016,2016-05-21,Visakhapatnam,Dr. Y.S. Rajasekhara Reddy ACA-VDCA Cricket Stadium,Rising Pune Supergiants,Kings XI Punjab,Kings XI Punjab,bat,Rising Pune Supergiants,,4,,,,MS Dhoni,53,Indian Premier League
981007,2016,2016-05-21,Kanpur,Green Park,Gujarat Lions,Mumbai Indians,Gujarat Lions,field,Gujarat Lions,,6,,,,SK Raina,54,Indian Premier League
981009,2016,2016-05-22,Kolkata,Eden Gardens,Kolkata Knight Riders,Sunrisers Hyderabad,Sunrisers Hyderabad,field,Kolkata Knight Riders,22,,,,,YK Pathan,55,Indian Premier League
981011,2016,2016-05-22,Raipur,Shaheed Veer Narayan Singh International Stadium,Delhi Daredevils,Royal Challengers Bangalore,Royal Challengers Bangalore,field,Royal Challengers Bangalore,,6,,,,V Kohli,56,Indian Premier League
981013,2016,2016-05-24,Bangalore,M Chinnaswamy Stadium,Gujarat Lions,Royal Challengers Bangalore,Royal Challengers Bangalore,field,Royal Challengers Bangalore,,4,,,,AB de Villiers,,Indian Premier League
981015,2016,2016-05-25,Delhi,Feroz Shah Kotla,Sunrisers Hyderabad,Kolkata Knight Riders,Kolkata Knight Riders,field,Sunrisers Hyderabad,22,,,,,MC Henriques,,Indian Premier League
981017,2016,2016-05-27,Delhi,Feroz Shah Kotla,Gujarat Lions,Sunrisers Hyderabad,Sunrisers Hyderabad,field,Sunrisers Hyderabad,,4,,,,DA Warner,,Indian Premier League
981019,2016,2016-05-29,Bangalore,M Chinnaswamy Stadium,Royal Challengers Bangalore,Sunrisers Hyderabad,Sunrisers Hyderabad,bat,Sunrisers Hyderabad,8,,,,,BCJ Cutting,,Indian Premier League
1082591,2017,2017-04-05,Hyderabad,"Rajiv Gandhi International Stadium, Uppal",Sunrisers Hyderabad,Royal Challengers Bangalore,Royal Challengers Bangalore,field,Sunrisers Hyderabad,35,,,,,Yuvraj Singh,1,Indian Premier League
1082592,2017,2017-04-06,Pune,Maharashtra Cricket Association Stadium,Rising Pune Supergiant,Mumbai Indians,Rising Pune Supergiant,field,Rising Pune Supergiant,,7,,,,SPD Smith,2,Indian Premier League
1082593,2017,2017-04-07,Rajkot,Saurashtra Cricket Association Stadium,Gujarat Lions,Kolkata Knight Riders,Kolkata Knight Riders,field,Kolkata Knight Riders,,10,,,,CA Lynn,3,Indian Premier League
1082594,2017,2017-04-08,Indore,Holkar Cricket Stadium,Kings XI Punjab,Rising Pune Supergiant,Kings XI Punjab,field,Kings XI Punjab,,6,,,,GJ Maxwell,4,Indian Premier League
1082595,2017,2017-04-08,Bengaluru,M.Chinnaswamy Stadium,Royal Challengers Bangalore,Delhi Daredevils,Royal Challengers Bangalore,bat,Royal Challengers Bangalore,15,,,,,KM Jadhav,5,Indian Premier League
1082596,2017,2017-04-09,Hyderabad,"Rajiv Gandhi International Stadium, Uppal",Sunrisers Hyderabad,Gujarat Lions,Sunrisers Hyderabad,field,Sunrisers Hyderabad,,9,,,,Rashid Khan,6,Indian Premier League
1082597,2017,2017-04-09,Mumbai,Wankhede Stadium,Mumbai Indians,Kolkata Knight Riders,Mumbai Indians,field,Mumbai Indians,,4,,,,N Rana,7,Indian Premier League
1082598,2017,2017-04-10,Indore,Holkar Cricket Stadium,Kings XI Punjab,Royal Challengers Bangalore,Royal Challengers Bangalore,bat,Kings XI Punjab,,8,,,,AR Patel,8,Indian Premier League
1082599,2017,2017-04-11,Pune,Maharashtra Cricket Association Stadium,Rising Pune Supergiant,Delhi Daredevils,Rising Pune Supergiant,field,Delhi Daredevils,97,,,,,SV Samson,9,Indian Premier League
1082600,2017,2017-04-12,Mumbai,Wankhede Stadium,Mumbai Indians,Sunrisers Hyderabad,Mumbai Indians,field,Mumbai Indians,,4,,,,JJ Bumrah,10,Indian Premier League
1082601,2017,2017-04-13,Kolkata,Eden Gardens,Kolkata Knight Riders,Kings XI Punjab,Kolkata Knight Riders,field,Kolkata Knight Riders,,8,,,,SP Narine,11,Indian Premier League
1082602,2017,2017-04-14,Bangalore,M Chinnaswamy Stadium,Royal Challengers Bangalore,Mumbai Indians,Mumbai Indians,field,Mumbai Indians,,4,,,,KA Pollard,12,Indian Premier League
1082603,2017,2017-04-14,Rajkot,Saurashtra Cricket Association Stadium,Gujarat Lions,Rising Pune Supergiant,Gujarat Lions,field,Gujarat Lions,,7,,,,AJ Tye,13,Indian Premier League
1082604,2017,2017-04-15,Kolkata,Eden Gardens,Kolkata Knight Riders,Sunrisers Hyderabad,Sunrisers Hyderabad,field,Kolkata Knight Riders,17,,,,,RV Uthappa,14,Indian Premier League
1082605,2017,2017-04-15,Delhi,Feroz Shah Kotla,Delhi Daredevils,Kings XI Punjab,Delhi Daredevils,bat,Delhi Daredevils,51,,,,,CJ Anderson,15,Indian Premier League
1082607,2017,2017-04-16,Bangalore,M Chinnaswamy Stadium,Royal Challengers Bangalore,Rising Pune Supergiant,Royal Challengers Bangalore,field,Rising Pune Supergiant,27,,,,,BA Stokes,17,Indian Premier League
1082606,2017,2017-04-16,Mumbai,Wankhede Stadium,Mumbai Indians,Gujarat Lions,Mumbai Indians,field,Mumbai Indians,,6,,,,N Rana,16,Indian Premier League
1082609,2017,2017-04-17,Hyderabad,"Rajiv Gandhi International Stadium, Uppal",Sunrisers Hyderabad,Kings XI Punjab,Kings XI Punjab,field,Sunrisers Hyderabad,5,,,,,B Kumar,19,Indian Premier League
1082608,2017,2017-04-17,Delhi,Feroz Shah Kotla,Delhi Daredevils,Kolkata Knight Riders,Delhi Daredevils,bat,Kolkata Knight Riders,,4,,,,NM Coulter-Nile,18,Indian Premier League
1082610,2017,2017-04-18,Rajkot,Saurashtra Cricket Association Stadium,Gujarat Lions,Royal Challengers Bangalore,Gujarat Lions,field,Royal Challengers Bangalore,21,,,,,CH Gayle,20,Indian Premier League
1082611,2017,2017-04-19,Hyderabad,"Rajiv Gandhi International Stadium, Uppal",Sunrisers Hyderabad,Delhi Daredevils,Sunrisers Hyderabad,bat,Sunrisers Hyderabad,15,,,,,KS Williamson,21,Indian Premier League
1082612,2017,2017-04-20,Indore,Holkar Cricket Stadium,Kings XI Punjab,Mumbai Indians,Mumbai Indians,field,Mumbai Indians,,8,,,,JC Buttler,22,Indian Premier League
1082613,2017,2017-04-21,Kolkata,Eden Gardens,Kolkata Knight Riders,Gujarat Lions,Gujarat Lions,field,Gujarat Lions,,4,,,,SK Raina,23,Indian Premier League
1082614,2017,2017-04-22,Mumbai,Wankhede Stadium,Mumbai Indians,Delhi Daredevils,Delhi Daredevils,field,Mumbai Indians,14,,,,,MJ McClenaghan,25,Indian Premier League
1082615,2017,2017-04-22,Pune,Maharashtra Cricket Association Stadium,Rising Pune Supergiant,Sunrisers Hyderabad,Rising Pune Supergiant,field,Rising Pune Supergiant,,6,,,,MS Dhoni,24,Indian Premier League
1082616,2017,2017-04-23,Rajkot,Saurashtra Cricket Association Stadium,Gujarat Lions,Kings XI Punjab,Gujarat Lions,field,Kings XI Punjab,26,,,,,HM Amla,26,Indian Premier League
1082617,2017,2017-04-23,Kolkata,Eden Gardens,Kolkata Knight Riders,Royal Challengers Bangalore,Royal Challengers Bangalore,field,Kolkata Knight Riders,82,,,,,NM Coulter-Nile,27,Indian Premier League
1082618,2017,2017-04-24,Mumbai,Wankhede Stadium,Mumbai Indians,Rising Pune Supergiant,Mumbai Indians,field,Rising Pune Supergiant,3,,,,,BA Stokes,28,Indian Premier League
1082620,2017,2017-04-26,Pune,Maharashtra Cricket Association Stadium,Rising Pune Supergiant,Kolkata Knight Riders,Kolkata Knight Riders,field,Kolkata Knight Riders,,7,,,,RV Uthappa,30,Indian Premier League
1082621,2017,2017-04-27,Bangalore,M Chinnaswamy Stadium,Royal Challengers Bangalore,Gujarat Lions,Gujarat Lions,field,Gujarat Lions,,7,,,,AJ Tye,31,Indian Premier League
1082622,2017,2017-04-28,Kolkata,Eden Gardens,Kolkata Knight Riders,Delhi Daredevils,Kolkata Knight Riders,field,Kolkata Knight Riders,,7,,,,G Gambhir,32,Indian Premier League
1082623,2017,2017-04-28,Chandigarh,"Punjab Cricket Association IS Bindra Stadium, Mohali",Kings XI Punjab,Sunrisers Hyderabad,Kings XI Punjab,field,Sunrisers Hyderabad,26,,,,,Rashid Khan,33,Indian Premier League
1082624,2017,2017-04-29,Pune,Maharashtra Cricket Association Stadium,Rising Pune Supergiant,Royal Challengers Bangalore,Royal Challengers Bangalore,field,Rising Pune Supergiant,61,,,,,LH Ferguson,34,Indian Premier League
1082625,2017,2017-04-29,Rajkot,Saurashtra Cricket Association Stadium,Gujarat Lions,Mumbai Indians,Gujarat Lions,bat,,,,tie,,Mumbai Indians,KH Pandya,35,Indian Premier League
1082627,2017,2017-04-30,Hyderabad,"Rajiv Gandhi International Stadium, Uppal",Sunrisers Hyderabad,Kolkata Knight Riders,Kolkata Knight Riders,field,Sunrisers Hyderabad,48,,,,,DA Warner,37,Indian Premier League
1082626,2017,2017-04-30,Chandigarh,"Punjab Cricket Association IS Bindra Stadium, Mohali",Kings XI Punjab,Delhi Daredevils,Kings XI Punjab,field,Kings XI Punjab,,10,,,,Sandeep Sharma,36,Indian Premier League
1082629,2017,2017-05-01,Pune,Maharashtra Cricket Association Stadium,Rising Pune Supergiant,Gujarat Lions,Rising Pune Supergiant,field,Rising Pune Supergiant,,5,,,,BA Stokes,39,Indian Premier League
1082628,2017,2017-05-01,Mumbai,Wankhede Stadium,Mumbai Indians,Royal Challengers Bangalore,Royal Challengers Bangalore,bat,Mumbai Indians,,5,,,,RG Sharma,38,Indian Premier League
1082630,2017,2017-05-02,Delhi,Feroz Shah Kotla,Delhi Daredevils,Sunrisers Hyderabad,Delhi Daredevils,field,Delhi Daredevils,,6,,,,Mohammed Shami,40,Indian Premier League
1082631,2017,2017-05-03,Kolkata,Eden Gardens,Kolkata Knight Riders,Rising Pune Supergiant,Rising Pune Supergiant,field,Rising Pune Supergiant,,4,,,,RA Tripathi,41,Indian Premier League
1082632,2017,2017-05-04,Delhi,Feroz Shah Kotla,Delhi Daredevils,Gujarat Lions,Delhi Daredevils,field,Delhi Daredevils,,7,,,,RR Pant,42,Indian Premier League
1082633,2017,2017-05-05,Bangalore,M Chinnaswamy Stadium,Royal Challengers Bangalore,Kings XI Punjab,Royal Challengers Bangalore,field,Kings XI Punjab,19,,,,,Sandeep Sharma,43,Indian Premier League
1082635,2017,2017-05-06,Delhi,Feroz Shah Kotla,Delhi Daredevils,Mumbai Indians,Delhi Daredevils,field,Mumbai Indians,146,,,,,LMP Simmons,45,Indian Premier League
1082634,2017,2017-05-06,Hyderabad,"Rajiv Gandhi International Stadium, Uppal",Sunrisers Hyderabad,Rising Pune Supergiant,Sunrisers Hyderabad,field,Rising Pune Supergiant,12,,,,,JD Unadkat,44,Indian Premier League
1082636,2017,2017-05-07,Bangalore,M Chinnaswamy Stadium,Royal Challengers Bangalore,Kolkata Knight Riders,Kolkata Knight Riders,field,Kolkata Knight Riders,,6,,,,SP Narine,46,Indian Premier League
1082637,2017,2017-05-07,Chandigarh,"Punjab Cricket Association IS Bindra Stadium, Mohali",Kings XI Punjab,Gujarat Lions,Gujarat Lions,field,Gujarat Lions,,6,,,,DR Smith,47,Indian Premier League
1082638,2017,2017-05-08,Hyderabad,"Rajiv Gandhi International Stadium, Uppal",Sunrisers Hyderabad,Mumbai Indians,Mumbai Indians,bat,Sunrisers Hyderabad,,7,,,,S Dhawan,48,Indian Premier League
1082639,2017,2017-05-09,Chandigarh,"Punjab Cricket Association IS Bindra Stadium, Mohali",Kings XI Punjab,Kolkata Knight Riders,Kolkata Knight Riders,field,Kings XI Punjab,14,,,,,MM Sharma,49,Indian Premier League
1082640,2017,2017-05-10,Kanpur,Green Park,Gujarat Lions,Delhi Daredevils,Delhi Daredevils,field,Delhi Daredevils,,2,,,,SS Iyer,50,Indian Premier League
1082641,2017,2017-05-11,Mumbai,Wankhede Stadium,Mumbai Indians,Kings XI Punjab,Mumbai Indians,field,Kings XI Punjab,7,,,,,WP Saha,51,Indian Premier League
1082642,2017,2017-05-12,Delhi,Feroz Shah Kotla,Delhi Daredevils,Rising Pune Supergiant,Delhi Daredevils,bat,Delhi Daredevils,7,,,,,KK Nair,52,Indian Premier League
1082643,2017,2017-05-13,Kanpur,Green Park,Gujarat Lions,Sunrisers Hyderabad,Sunrisers Hyderabad,field,Sunrisers Hyderabad,,8,,,,Mohammed Siraj,53,Indian Premier League
1082644,2017,2017-05-13,Kolkata,Eden Gardens,Kolkata Knight Riders,Mumbai Indians,Kolkata Knight Riders,field,Mumbai Indians,9,,,,,AT Rayudu,54,Indian Premier League
1082645,2017,2017-05-14,Pune,Maharashtra Cricket Association Stadium,Rising Pune Supergiant,Kings XI Punjab,Rising Pune Supergiant,field,Rising Pune Supergiant,,9,,,,JD Unadkat,55,Indian Premier League
1082646,2017,2017-05-14,Delhi,Feroz Shah Kotla,Delhi Daredevils,Royal Challengers Bangalore,Royal Challengers Bangalore,bat,Royal Challengers Bangalore,10,,,,,HV Patel,56,Indian Premier League
1082647,2017,2017-05-16,Mumbai,Wankhede Stadium,Mumbai Indians,Rising Pune Supergiant,Mumbai Indians,field,Rising Pune Supergiant,20,,,,,Washington Sundar,,Indian Premier League
1082648,2017,2017-05-17,Bangalore,M Chinnaswamy Stadium,Sunrisers Hyderabad,Kolkata Knight Riders,Kolkata Knight Riders,field,Kolkata Knight Riders,,7,,D/L,,NM Coulter-Nile,,Indian Premier League
1082649,2017,2017-05-19,Bangalore,M Chinnaswamy Stadium,Mumbai Indians,Kolkata Knight Riders,Mumbai Indians,field,Mumbai Indians,,6,,,,KV Sharma,,Indian Premier League
1082650,2017,2017-05-21,Hyderabad,"Rajiv Gandhi International Stadium, Uppal",Mumbai Indians,Rising Pune Supergiant,Mumbai Indians,bat,Mumbai Indians,1,,,,,KH Pandya,,Indian Premier League
1136561,2018,2018-04-07,Mumbai,Wankhede Stadium,Mumbai Indians,Chennai Super Kings,Chennai Super Kings,field,Chennai Super Kings,,1,,,,DJ Bravo,1,Indian Premier League
1136563,2018,2018-04-08,Kolkata,Eden Gardens,Royal Challengers Bangalore,Kolkata Knight Riders,Kolkata Knight Riders,field,Kolkata Knight Riders,,4,,,,SP Narine,3,Indian Premier League
1136562,2018,2018-04-08,Chandigarh,Punjab Cricket Association IS Bindra Stadium,Delhi Daredevils,Kings XI Punjab,Kings XI Punjab,field,Kings XI Punjab,,6,,,,KL Rahul,2,Indian Premier League
1136564,2018,2018-04-09,Hyderabad,Rajiv Gandhi International Stadium,Rajasthan Royals,Sunrisers Hyderabad,Sunrisers Hyderabad,field,Sunrisers Hyderabad,,9,,,,S Dhawan,4,Indian Premier League
1136565,2018,2018-04-10,Chennai,MA Chidambaram Stadium,Kolkata Knight Riders,Chennai Super Kings,Chennai Super Kings,field,Chennai Super Kings,,5,,,,SW Billings,5,Indian Premier League
1136566,2018,2018-04-11,Jaipur,Sawai Mansingh Stadium,Rajasthan Royals,Delhi Daredevils,Delhi Daredevils,field,Rajasthan Royals,10,,,D/L,,SV Samson,6,Indian Premier League
1136567,2018,2018-04-12,Hyderabad,Rajiv Gandhi International Stadium,Mumbai Indians,Sunrisers Hyderabad,Sunrisers Hyderabad,field,Sunrisers Hyderabad,,1,,,,Rashid Khan,7,Indian Premier League
1136568,2018,2018-04-13,Bengaluru,M.Chinnaswamy Stadium,Kings XI Punjab,Royal Challengers Bangalore,Royal Challengers Bangalore,field,Royal Challengers Bangalore,,4,,,,UT Yadav,8,Indian Premier League
1136569,2018,2018-04-14,Mumbai,Wankhede Stadium,Mumbai Indians,Delhi Daredevils,Delhi Daredevils,field,Delhi Daredevils,,7,,,,JJ Roy,9,Indian Premier League
1136570,2018,2018-04-14,Kolkata,Eden Gardens,Kolkata Knight Riders,Sunrisers Hyderabad,Sunrisers Hyderabad,field,Sunrisers Hyderabad,,5,,,,B Stanlake,10,Indian Premier League
1136571,2018,2018-04-15,Bengaluru,M.Chinnaswamy Stadium,Rajasthan Royals,Royal Challengers Bangalore,Royal Challengers Bangalore,field,Rajasthan Royals,19,,,,,SV Samson,11,Indian Premier League
1136572,2018,2018-04-15,Chandigarh,Punjab Cricket Association IS Bindra Stadium,Kings XI Punjab,Chennai Super Kings,Chennai Super Kings,field,Kings XI Punjab,4,,,,,CH Gayle,12,Indian Premier League
1136573,2018,2018-04-16,Kolkata,Eden Gardens,Kolkata Knight Riders,Delhi Daredevils,Delhi Daredevils,field,Kolkata Knight Riders,71,,,,,N Rana,13,Indian Premier League
1136574,2018,2018-04-17,Mumbai,Wankhede Stadium,Mumbai Indians,Royal Challengers Bangalore,Royal Challengers Bangalore,field,Mumbai Indians,46,,,,,RG Sharma,14,Indian Premier League
1136575,2018,2018-04-18,Jaipur,Sawai Mansingh Stadium,Rajasthan Royals,Kolkata Knight Riders,Kolkata Knight Riders,field,Kolkata Knight Riders,,7,,,,N Rana,15,Indian Premier League
1136576,2018,2018-04-19,Chandigarh,Punjab Cricket Association IS Bindra Stadium,Kings XI Punjab,Sunrisers Hyderabad,Kings XI Punjab,bat,Kings XI Punjab,15,,,,,CH Gayle,16,Indian Premier League
1136577,2018,2018-04-20,Pune,Maharashtra Cricket Association Stadium,Chennai Super Kings,Rajasthan Royals,Rajasthan Royals,field,Chennai Super Kings,64,,,,,SR Watson,17,Indian Premier League
1136578,2018,2018-04-21,Kolkata,Eden Gardens,Kolkata Knight Riders,Kings XI Punjab,Kings XI Punjab,field,Kings XI Punjab,,9,,D/L,,KL Rahul,18,Indian Premier League
1136579,2018,2018-04-21,Bengaluru,M.Chinnaswamy Stadium,Delhi Daredevils,Royal Challengers Bangalore,Royal Challengers Bangalore,field,Royal Challengers Bangalore,,6,,,,AB de Villiers,19,Indian Premier League
1136581,2018,2018-04-22,Jaipur,Sawai Mansingh Stadium,Mumbai Indians,Rajasthan Royals,Mumbai Indians,bat,Rajasthan Royals,,3,,,,JC Archer,21,Indian Premier League
1136580,2018,2018-04-22,Hyderabad,Rajiv Gandhi International Stadium,Chennai Super Kings,Sunrisers Hyderabad,Sunrisers Hyderabad,field,Chennai Super Kings,4,,,,,AT Rayudu,20,Indian Premier League
1136582,2018,2018-04-23,Delhi,Arun Jaitley Stadium,Kings XI Punjab,Delhi Daredevils,Delhi Daredevils,field,Kings XI Punjab,4,,,,,AS Rajpoot,22,Indian Premier League
1136583,2018,2018-04-24,Mumbai,Wankhede Stadium,Sunrisers Hyderabad,Mumbai Indians,Mumbai Indians,field,Sunrisers Hyderabad,31,,,,,Rashid Khan,23,Indian Premier League
1136584,2018,2018-04-25,Bengaluru,M.Chinnaswamy Stadium,Royal Challengers Bangalore,Chennai Super Kings,Chennai Super Kings,field,Chennai Super Kings,,5,,,,MS Dhoni,24,Indian Premier League
1136585,2018,2018-04-26,Hyderabad,Rajiv Gandhi International Stadium,Sunrisers Hyderabad,Kings XI Punjab,Kings XI Punjab,field,Sunrisers Hyderabad,13,,,,,AS Rajpoot,25,Indian Premier League
1136586,2018,2018-04-27,Delhi,Arun Jaitley Stadium,Delhi Daredevils,Kolkata Knight Riders,Kolkata Knight Riders,field,Delhi Daredevils,55,,,,,SS Iyer,26,Indian Premier League
1136587,2018,2018-04-28,Pune,Maharashtra Cricket Association Stadium,Chennai Super Kings,Mumbai Indians,Mumbai Indians,field,Mumbai Indians,,8,,,,RG Sharma,27,Indian Premier League
1136588,2018,2018-04-29,Jaipur,Sawai Mansingh Stadium,Sunrisers Hyderabad,Rajasthan Royals,Sunrisers Hyderabad,bat,Sunrisers Hyderabad,11,,,,,KS Williamson,28,Indian Premier League
1136589,2018,2018-04-29,Bengaluru,M.Chinnaswamy Stadium,Royal Challengers Bangalore,Kolkata Knight Riders,Kolkata Knight Riders,field,Kolkata Knight Riders,,6,,,,CA Lynn,29,Indian Premier League
1136590,2018,2018-04-30,Pune,Maharashtra Cricket Association Stadium,Chennai Super Kings,Delhi Daredevils,Delhi Daredevils,field,Chennai Super Kings,13,,,,,SR Watson,30,Indian Premier League
1136591,2018,2018-05-01,Bengaluru,M.Chinnaswamy Stadium,Royal Challengers Bangalore,Mumbai Indians,Mumbai Indians,field,Royal Challengers Bangalore,14,,,,,TG Southee,31,Indian Premier League
1136592,2018,2018-05-02,Delhi,Arun Jaitley Stadium,Delhi Daredevils,Rajasthan Royals,Rajasthan Royals,field,Delhi Daredevils,4,,,D/L,,RR Pant,32,Indian Premier League
1136593,2018,2018-05-03,Kolkata,Eden Gardens,Chennai Super Kings,Kolkata Knight Riders,Kolkata Knight Riders,field,Kolkata Knight Riders,,6,,,,SP Narine,33,Indian Premier League
1136594,2018,2018-05-04,Indore,Holkar Cricket Stadium,Kings XI Punjab,Mumbai Indians,Mumbai Indians,field,Mumbai Indians,,6,,,,SA Yadav,34,Indian Premier League
1136595,2018,2018-05-05,Pune,Maharashtra Cricket Association Stadium,Royal Challengers Bangalore,Chennai Super Kings,Chennai Super Kings,field,Chennai Super Kings,,6,,,,RA Jadeja,35,Indian Premier League
1136596,2018,2018-05-05,Hyderabad,Rajiv Gandhi International Stadium,Delhi Daredevils,Sunrisers Hyderabad,Delhi Daredevils,bat,Sunrisers Hyderabad,,7,,,,Rashid Khan,36,Indian Premier League
1136597,2018,2018-05-06,Mumbai,Wankhede Stadium,Mumbai Indians,Kolkata Knight Riders,Kolkata Knight Riders,field,Mumbai Indians,13,,,,,HH Pandya,37,Indian Premier League
1136598,2018,2018-05-06,Indore,Holkar Cricket Stadium,Rajasthan Royals,Kings XI Punjab,Kings XI Punjab,field,Kings XI Punjab,,6,,,,Mujeeb Ur Rahman,38,Indian Premier League
1136599,2018,2018-05-07,Hyderabad,Rajiv Gandhi International Stadium,Sunrisers Hyderabad,Royal Challengers Bangalore,Royal Challengers Bangalore,field,Sunrisers Hyderabad,5,,,,,KS Williamson,39,Indian Premier League
1136600,2018,2018-05-08,Jaipur,Sawai Mansingh Stadium,Rajasthan Royals,Kings XI Punjab,Rajasthan Royals,bat,Rajasthan Royals,15,,,,,JC Buttler,40,Indian Premier League
1136601,2018,2018-05-09,Kolkata,Eden Gardens,Mumbai Indians,Kolkata Knight Riders,Kolkata Knight Riders,field,Mumbai Indians,102,,,,,Ishan Kishan,41,Indian Premier League
1136602,2018,2018-05-10,Delhi,Arun Jaitley Stadium,Delhi Daredevils,Sunrisers Hyderabad,Delhi Daredevils,bat,Sunrisers Hyderabad,,9,,,,S Dhawan,42,Indian Premier League
1136603,2018,2018-05-11,Jaipur,Sawai Mansingh Stadium,Chennai Super Kings,Rajasthan Royals,Chennai Super Kings,bat,Rajasthan Royals,,4,,,,JC Buttler,43,Indian Premier League
1136604,2018,2018-05-12,Indore,Holkar Cricket Stadium,Kolkata Knight Riders,Kings XI Punjab,Kings XI Punjab,field,Kolkata Knight Riders,31,,,,,SP Narine,44,Indian Premier League
1136605,2018,2018-05-12,Delhi,Arun Jaitley Stadium,Delhi Daredevils,Royal Challengers Bangalore,Royal Challengers Bangalore,field,Royal Challengers Bangalore,,5,,,,AB de Villiers,45,Indian Premier League
1136606,2018,2018-05-13,Pune,Maharashtra Cricket Association Stadium,Sunrisers Hyderabad,Chennai Super Kings,Chennai Super Kings,field,Chennai Super Kings,,8,,,,AT Rayudu,46,Indian Premier League
1136607,2018,2018-05-13,Mumbai,Wankhede Stadium,Mumbai Indians,Rajasthan Royals,Rajasthan Royals,field,Rajasthan Royals,,7,,,,JC Buttler,47,Indian Premier League
1136608,2018,2018-05-14,Indore,Holkar Cricket Stadium,Kings XI Punjab,Royal Challengers Bangalore,Royal Challengers Bangalore,field,Royal Challengers Bangalore,,10,,,,UT Yadav,48,Indian Premier League
1136609,2018,2018-05-15,Kolkata,Eden Gardens,Rajasthan Royals,Kolkata Knight Riders,Kolkata Knight Riders,field,Kolkata Knight Riders,,6,,,,Kuldeep Yadav,49,Indian Premier League
1136610,2018,2018-05-16,Mumbai,Wankhede Stadium,Mumbai Indians,Kings XI Punjab,Kings XI Punjab,field,Mumbai Indians,3,,,,,JJ Bumrah,50,Indian Premier League
1136611,2018,2018-05-17,Bengaluru,M.Chinnaswamy Stadium,Royal Challengers Bangalore,Sunrisers Hyderabad,Sunrisers Hyderabad,field,Royal Challengers Bangalore,14,,,,,AB de Villiers,51,Indian Premier League
1136612,2018,2018-05-18,Delhi,Arun Jaitley Stadium,Delhi Daredevils,Chennai Super Kings,Chennai Super Kings,field,Delhi Daredevils,34,,,,,HV Patel,52,Indian Premier League
1136613,2018,2018-05-19,Jaipur,Sawai Mansingh Stadium,Rajasthan Royals,Royal Challengers Bangalore,Rajasthan Royals,bat,Rajasthan Royals,30,,,,,S Gopal,53,Indian Premier League
1136614,2018,2018-05-19,Hyderabad,Rajiv Gandhi International Stadium,Sunrisers Hyderabad,Kolkata Knight Riders,Sunrisers Hyderabad,bat,Kolkata Knight Riders,,5,,,,CA Lynn,54,Indian Premier League
1136615,2018,2018-05-20,Delhi,Arun Jaitley Stadium,Delhi Daredevils,Mumbai Indians,Delhi Daredevils,bat,Delhi Daredevils,11,,,,,A Mishra,55,Indian Premier League
1136616,2018,2018-05-20,Pune,Maharashtra Cricket Association Stadium,Kings XI Punjab,Chennai Super Kings,Chennai Super Kings,field,Chennai Super Kings,,5,,,,L Ngidi,56,Indian Premier League
1136617,2018,2018-05-22,Mumbai,Wankhede Stadium,Sunrisers Hyderabad,Chennai Super Kings,Chennai Super Kings,field,Chennai Super Kings,,2,,,,F du Plessis,,Indian Premier League
1136618,2018,2018-05-23,Kolkata,Eden Gardens,Kolkata Knight Riders,Rajasthan Royals,Rajasthan Royals,field,Kolkata Knight Riders,25,,,,,AD Russell,,Indian Premier League
1136619,2018,2018-05-25,Kolkata,Eden Gardens,Sunrisers Hyderabad,Kolkata Knight Riders,Kolkata Knight Riders,field,Sunrisers Hyderabad,14,,,,,Rashid Khan,,Indian Premier League
1136620,2018,2018-05-27,Mumbai,Wankhede Stadium,Sunrisers Hyderabad,Chennai Super Kings,Chennai Super Kings,field,Chennai Super Kings,,8,,,,SR Watson,,Indian Premier League
1175356,2019,2019-03-23,Chennai,MA Chidambaram Stadium,Royal Challengers Bangalore,Chennai Super Kings,Chennai Super Kings,field,Chennai Super Kings,,7,,,,Harbhajan Singh,1,Indian Premier League
1175357,2019,2019-03-24,Kolkata,Eden Gardens,Sunrisers Hyderabad,Kolkata Knight Riders,Kolkata Knight Riders,field,Kolkata Knight Riders,,6,,,,AD Russell,2,Indian Premier League
1175358,2019,2019-03-24,Mumbai,Wankhede Stadium,Delhi Capitals,Mumbai Indians,Mumbai Indians,field,Delhi Capitals,37,,,,,RR Pant,3,Indian Premier League
1175359,2019,2019-03-25,Jaipur,Sawai Mansingh Stadium,Kings XI Punjab,Rajasthan Royals,Rajasthan Royals,field,Kings XI Punjab,14,,,,,CH Gayle,4,Indian Premier League
1175360,2019,2019-03-26,Delhi,Arun Jaitley Stadium,Delhi Capitals,Chennai Super Kings,Delhi Capitals,bat,Chennai Super Kings,,6,,,,SR Watson,5,Indian Premier League
1175361,2019,2019-03-27,Kolkata,Eden Gardens,Kolkata Knight Riders,Kings XI Punjab,Kings XI Punjab,field,Kolkata Knight Riders,28,,,,,AD Russell,6,Indian Premier League
1175362,2019,2019-03-28,Bengaluru,M.Chinnaswamy Stadium,Mumbai Indians,Royal Challengers Bangalore,Royal Challengers Bangalore,field,Mumbai Indians,6,,,,,JJ Bumrah,7,Indian Premier League
1175363,2019,2019-03-29,Hyderabad,Rajiv Gandhi International Stadium,Rajasthan Royals,Sunrisers Hyderabad,Rajasthan Royals,bat,Sunrisers Hyderabad,,5,,,,Rashid Khan,8,Indian Premier League
1175365,2019,2019-03-30,Delhi,Arun Jaitley Stadium,Kolkata Knight Riders,Delhi Capitals,Delhi Capitals,field,,,,tie,,Delhi Capitals,PP Shaw,10,Indian Premier League
1175364,2019,2019-03-30,Chandigarh,Punjab Cricket Association IS Bindra Stadium,Mumbai Indians,Kings XI Punjab,Kings XI Punjab,field,Kings XI Punjab,,8,,,,MA Agarwal,9,Indian Premier League
1175366,2019,2019-03-31,Hyderabad,Rajiv Gandhi International Stadium,Sunrisers Hyderabad,Royal Challengers Bangalore,Royal Challengers Bangalore,field,Sunrisers Hyderabad,118,,,,,JM Bairstow,11,Indian Premier League
1175367,2019,2019-03-31,Chennai,MA Chidambaram Stadium,Chennai Super Kings,Rajasthan Royals,Rajasthan Royals,field,Chennai Super Kings,8,,,,,MS Dhoni,12,Indian Premier League
1175368,2019,2019-04-01,Chandigarh,Punjab Cricket Association IS Bindra Stadium,Kings XI Punjab,Delhi Capitals,Delhi Capitals,field,Kings XI Punjab,14,,,,,SM Curran,13,Indian Premier League
1175369,2019,2019-04-02,Jaipur,Sawai Mansingh Stadium,Royal Challengers Bangalore,Rajasthan Royals,Rajasthan Royals,field,Rajasthan Royals,,7,,,,S Gopal,14,Indian Premier League
1175370,2019,2019-04-03,Mumbai,Wankhede Stadium,Mumbai Indians,Chennai Super Kings,Chennai Super Kings,field,Mumbai Indians,37,,,,,HH Pandya,15,Indian Premier League
1175371,2019,2019-04-04,Delhi,Arun Jaitley Stadium,Delhi Capitals,Sunrisers Hyderabad,Sunrisers Hyderabad,field,Sunrisers Hyderabad,,5,,,,JM Bairstow,16,Indian Premier League
1175372,2019,2019-04-05,Bengaluru,M.Chinnaswamy Stadium,Royal Challengers Bangalore,Kolkata Knight Riders,Kolkata Knight Riders,field,Kolkata Knight Riders,,5,,,,AD Russell,17,Indian Premier League
1178393,2019,2019-04-06,Chennai,MA Chidambaram Stadium,Chennai Super Kings,Kings XI Punjab,Chennai Super Kings,bat,Chennai Super Kings,22,,,,,Harbhajan Singh,18,Indian Premier League
1178394,2019,2019-04-06,Hyderabad,Rajiv Gandhi International Stadium,Mumbai Indians,Sunrisers Hyderabad,Sunrisers Hyderabad,field,Mumbai Indians,40,,,,,AS Joseph,19,Indian Premier League
1178395,2019,2019-04-07,Bengaluru,M.Chinnaswamy Stadium,Royal Challengers Bangalore,Delhi Capitals,Delhi Capitals,field,Delhi Capitals,,4,,,,K Rabada,20,Indian Premier League
1178396,2019,2019-04-07,Jaipur,Sawai Mansingh Stadium,Rajasthan Royals,Kolkata Knight Riders,Kolkata Knight Riders,field,Kolkata Knight Riders,,8,,,,HF Gurney,21,Indian Premier League
1178397,2019,2019-04-08,Chandigarh,Punjab Cricket Association IS Bindra Stadium,Sunrisers Hyderabad,Kings XI Punjab,Kings XI Punjab,field,Kings XI Punjab,,6,,,,KL Rahul,22,Indian Premier League
1178398,2019,2019-04-09,Chennai,MA Chidambaram Stadium,Kolkata Knight Riders,Chennai Super Kings,Chennai Super Kings,field,Chennai Super Kings,,7,,,,DL Chahar,23,Indian Premier League
1178399,2019,2019-04-10,Mumbai,Wankhede Stadium,Kings XI Punjab,Mumbai Indians,Mumbai Indians,field,Mumbai Indians,,3,,,,KA Pollard,24,Indian Premier League
1178400,2019,2019-04-11,Jaipur,Sawai Mansingh Stadium,Rajasthan Royals,Chennai Super Kings,Chennai Super Kings,field,Chennai Super Kings,,4,,,,MS Dhoni,25,Indian Premier League
1178401,2019,2019-04-12,Kolkata,Eden Gardens,Kolkata Knight Riders,Delhi Capitals,Delhi Capitals,field,Delhi Capitals,,7,,,,S Dhawan,26,Indian Premier League
1178403,2019,2019-04-13,Chandigarh,Punjab Cricket Association IS Bindra Stadium,Kings XI Punjab,Royal Challengers Bangalore,Royal Challengers Bangalore,field,Royal Challengers Bangalore,,8,,,,AB de Villiers,28,Indian Premier League
1178402,2019,2019-04-13,Mumbai,Wankhede Stadium,Mumbai Indians,Rajasthan Royals,Rajasthan Royals,field,Rajasthan Royals,,4,,,,JC Buttler,27,Indian Premier League
1178405,2019,2019-04-14,Hyderabad,Rajiv Gandhi International Stadium,Delhi Capitals,Sunrisers Hyderabad,Sunrisers Hyderabad,field,Delhi Capitals,39,,,,,KMA Paul,30,Indian Premier League
1178404,2019,2019-04-14,Kolkata,Eden Gardens,Kolkata Knight Riders,Chennai Super Kings,Chennai Super Kings,field,Chennai Super Kings,,5,,,,Imran Tahir,29,Indian Premier League
1178406,2019,2019-04-15,Mumbai,Wankhede Stadium,Royal Challengers Bangalore,Mumbai Indians,Mumbai Indians,field,Mumbai Indians,,5,,,,SL Malinga,31,Indian Premier League
1178407,2019,2019-04-16,Chandigarh,Punjab Cricket Association IS Bindra Stadium,Kings XI Punjab,Rajasthan Royals,Rajasthan Royals,field,Kings XI Punjab,12,,,,,R Ashwin,32,Indian Premier League
1178408,2019,2019-04-17,Hyderabad,Rajiv Gandhi International Stadium,Chennai Super Kings,Sunrisers Hyderabad,Chennai Super Kings,bat,Sunrisers Hyderabad,,6,,,,DA Warner,33,Indian Premier League
1178409,2019,2019-04-18,Delhi,Arun Jaitley Stadium,Mumbai Indians,Delhi Capitals,Mumbai Indians,bat,Mumbai Indians,40,,,,,HH Pandya,34,Indian Premier League
1178410,2019,2019-04-19,Kolkata,Eden Gardens,Royal Challengers Bangalore,Kolkata Knight Riders,Kolkata Knight Riders,field,Royal Challengers Bangalore,10,,,,,V Kohli,35,Indian Premier League
1178411,2019,2019-04-20,Jaipur,Sawai Mansingh Stadium,Mumbai Indians,Rajasthan Royals,Rajasthan Royals,field,Rajasthan Royals,,5,,,,SPD Smith,36,Indian Premier League
1178412,2019,2019-04-20,Delhi,Arun Jaitley Stadium,Kings XI Punjab,Delhi Capitals,Delhi Capitals,field,Delhi Capitals,,5,,,,SS Iyer,37,Indian Premier League
1178413,2019,2019-04-21,Hyderabad,Rajiv Gandhi International Stadium,Kolkata Knight Riders,Sunrisers Hyderabad,Sunrisers Hyderabad,field,Sunrisers Hyderabad,,9,,,,KK Ahmed,38,Indian Premier League
1178414,2019,2019-04-21,Bengaluru,M.Chinnaswamy Stadium,Royal Challengers Bangalore,Chennai Super Kings,Chennai Super Kings,field,Royal Challengers Bangalore,1,,,,,PA Patel,39,Indian Premier League
1178415,2019,2019-04-22,Jaipur,Sawai Mansingh Stadium,Rajasthan Royals,Delhi Capitals,Delhi Capitals,field,Delhi Capitals,,6,,,,RR Pant,40,Indian Premier League
1178416,2019,2019-04-23,Chennai,MA Chidambaram Stadium,Sunrisers Hyderabad,Chennai Super Kings,Chennai Super Kings,field,Chennai Super Kings,,6,,,,SR Watson,41,Indian Premier League
1178417,2019,2019-04-24,Bengaluru,M.Chinnaswamy Stadium,Royal Challengers Bangalore,Kings XI Punjab,Kings XI Punjab,field,Royal Challengers Bangalore,17,,,,,AB de Villiers,42,Indian Premier League
1178418,2019,2019-04-25,Kolkata,Eden Gardens,Kolkata Knight Riders,Rajasthan Royals,Rajasthan Royals,field,Rajasthan Royals,,3,,,,VR Aaron,43,Indian Premier League
1178419,2019,2019-04-26,Chennai,MA Chidambaram Stadium,Mumbai Indians,Chennai Super Kings,Chennai Super Kings,field,Mumbai Indians,46,,,,,RG Sharma,44,Indian Premier League
1178420,2019,2019-04-27,Jaipur,Sawai Mansingh Stadium,Sunrisers Hyderabad,Rajasthan Royals,Rajasthan Royals,field,Rajasthan Royals,,7,,,,JD Unadkat,45,Indian Premier League
1178422,2019,2019-04-28,Kolkata,Eden Gardens,Kolkata Knight Riders,Mumbai Indians,Mumbai Indians,field,Kolkata Knight Riders,34,,,,,AD Russell,47,Indian Premier League
1178421,2019,2019-04-28,Delhi,Arun Jaitley Stadium,Delhi Capitals,Royal Challengers Bangalore,Delhi Capitals,bat,Delhi Capitals,16,,,,,S Dhawan,46,Indian Premier League
1178423,2019,2019-04-29,Hyderabad,Rajiv Gandhi International Stadium,Sunrisers Hyderabad,Kings XI Punjab,Kings XI Punjab,field,Sunrisers Hyderabad,45,,,,,DA Warner,48,Indian Premier League
1178424,2019,2019-04-30,Bengaluru,M.Chinnaswamy Stadium,Royal Challengers Bangalore,Rajasthan Royals,Rajasthan Royals,field,,,,no result,,,,49,Indian Premier League
1178425,2019,2019-05-01,Chennai,MA Chidambaram Stadium,Chennai Super Kings,Delhi Capitals,Delhi Capitals,field,Chennai Super Kings,80,,,,,MS Dhoni,50,Indian Premier League
1178426,2019,2019-05-02,Mumbai,Wankhede Stadium,Mumbai Indians,Sunrisers Hyderabad,Mumbai Indians,bat,,,,tie,,Mumbai Indians,JJ Bumrah,51,Indian Premier League
1178427,2019,2019-05-03,Chandigarh,Punjab Cricket Association IS Bindra Stadium,Kings XI Punjab,Kolkata Knight Riders,Kolkata Knight Riders,field,Kolkata Knight Riders,,7,,,,Shubman Gill,52,Indian Premier League
1178428,2019,2019-05-04,Delhi,Arun Jaitley Stadium,Rajasthan Royals,Delhi Capitals,Rajasthan Royals,bat,Delhi Capitals,,5,,,,A Mishra,53,Indian Premier League
1178429,2019,2019-05-04,Bengaluru,M.Chinnaswamy Stadium,Sunrisers Hyderabad,Royal Challengers Bangalore,Royal Challengers Bangalore,field,Royal Challengers Bangalore,,4,,,,SO Hetmyer,54,Indian Premier League
1178430,2019,2019-05-05,Chandigarh,Punjab Cricket Association IS Bindra Stadium,Chennai Super Kings,Kings XI Punjab,Kings XI Punjab,field,Kings XI Punjab,,6,,,,KL Rahul,55,Indian Premier League
1178431,2019,2019-05-05,Mumbai,Wankhede Stadium,Kolkata Knight Riders,Mumbai Indians,Mumbai Indians,field,Mumbai Indians,,9,,,,HH Pandya,56,Indian Premier League
1181764,2019,2019-05-07,Chennai,MA Chidambaram Stadium,Chennai Super Kings,Mumbai Indians,Chennai Super Kings,bat,Mumbai Indians,,6,,,,SA Yadav,,Indian Premier League
1181766,2019,2019-05-08,Visakhapatnam,Dr. Y.S. Rajasekhara Reddy ACA-VDCA Cricket Stadium,Sunrisers Hyderabad,Delhi Capitals,Delhi Capitals,field,Delhi Capitals,,2,,,,RR Pant,,Indian Premier League
1181767,2019,2019-05-10,Visakhapatnam,Dr. Y.S. Rajasekhara Reddy ACA-VDCA Cricket Stadium,Delhi Capitals,Chennai Super Kings,Chennai Super Kings,field,Chennai Super Kings,,6,,,,F du Plessis,,Indian Premier League
1181768,2019,2019-05-12,Hyderabad,Rajiv Gandhi International Stadium,Mumbai Indians,Chennai Super Kings,Mumbai Indians,bat,Mumbai Indians,1,,,,,JJ Bumrah,,Indian Premier League
1216492,2020/21,2020-09-19,Abu Dhabi,Sheikh Zayed Stadium,Mumbai Indians,Chennai Super Kings,Chennai Super Kings,field,Chennai Super Kings,,5,,,,AT Rayudu,1,Indian Premier League
1216493,2020/21,2020-09-20,,Dubai International Cricket Stadium,Delhi Capitals,Kings XI Punjab,Kings XI Punjab,field,,,,tie,,Delhi Capitals,MP Stoinis,2,Indian Premier League
1216534,2020/21,2020-09-21,,Dubai International Cricket Stadium,Royal Challengers Bangalore,Sunrisers Hyderabad,Sunrisers Hyderabad,field,Royal Challengers Bangalore,10,,,,,YS Chahal,3,Indian Premier League
1216496,2020/21,2020-09-22,,Sharjah Cricket Stadium,Rajasthan Royals,Chennai Super Kings,Chennai Super Kings,field,Rajasthan Royals,16,,,,,SV Samson,4,Indian Premier League
1216508,2020/21,2020-09-23,Abu Dhabi,Sheikh Zayed Stadium,Mumbai Indians,Kolkata Knight Riders,Kolkata Knight Riders,field,Mumbai Indians,49,,,,,RG Sharma,5,Indian Premier League
1216510,2020/21,2020-09-24,,Dubai International Cricket Stadium,Kings XI Punjab,Royal Challengers Bangalore,Royal Challengers Bangalore,field,Kings XI Punjab,97,,,,,KL Rahul,6,Indian Premier League
1216539,2020/21,2020-09-25,,Dubai International Cricket Stadium,Delhi Capitals,Chennai Super Kings,Chennai Super Kings,field,Delhi Capitals,44,,,,,PP Shaw,7,Indian Premier League
1216545,2020/21,2020-09-26,Abu Dhabi,Sheikh Zayed Stadium,Sunrisers Hyderabad,Kolkata Knight Riders,Sunrisers Hyderabad,bat,Kolkata Knight Riders,,7,,,,Shubman Gill,8,Indian Premier League
1216527,2020/21,2020-09-27,,Sharjah Cricket Stadium,Kings XI Punjab,Rajasthan Royals,Rajasthan Royals,field,Rajasthan Royals,,4,,,,SV Samson,9,Indian Premier League
1216547,2020/21,2020-09-28,,Dubai International Cricket Stadium,Royal Challengers Bangalore,Mumbai Indians,Mumbai Indians,field,,,,tie,,Royal Challengers Bangalore,AB de Villiers,10,Indian Premier League
1216532,2020/21,2020-09-29,Abu Dhabi,Sheikh Zayed Stadium,Sunrisers Hyderabad,Delhi Capitals,Delhi Capitals,field,Sunrisers Hyderabad,15,,,,,Rashid Khan,11,Indian Premier League
1216504,2020/21,2020-09-30,,Dubai International Cricket Stadium,Kolkata Knight Riders,Rajasthan Royals,Rajasthan Royals,field,Kolkata Knight Riders,37,,,,,Shivam Mavi,12,Indian Premier League
1216503,2020/21,2020-10-01,Abu Dhabi,Sheikh Zayed Stadium,Mumbai Indians,Kings XI Punjab,Kings XI Punjab,field,Mumbai Indians,48,,,,,KA Pollard,13,Indian Premier League
1216516,2020/21,2020-10-02,,Dubai International Cricket Stadium,Sunrisers Hyderabad,Chennai Super Kings,Sunrisers Hyderabad,bat,Sunrisers Hyderabad,7,,,,,PK Garg,14,Indian Premier League
1216515,2020/21,2020-10-03,,Sharjah Cricket Stadium,Delhi Capitals,Kolkata Knight Riders,Kolkata Knight Riders,field,Delhi Capitals,18,,,,,SS Iyer,16,Indian Premier League
1216514,2020/21,2020-10-03,Abu Dhabi,Sheikh Zayed Stadium,Rajasthan Royals,Royal Challengers Bangalore,Rajasthan Royals,bat,Royal Challengers Bangalore,,8,,,,YS Chahal,15,Indian Premier League
1216513,2020/21,2020-10-04,,Dubai International Cricket Stadium,Kings XI Punjab,Chennai Super Kings,Kings XI Punjab,bat,Chennai Super Kings,,10,,,,SR Watson,18,Indian Premier League
1216538,2020/21,2020-10-04,,Sharjah Cricket Stadium,Mumbai Indians,Sunrisers Hyderabad,Mumbai Indians,bat,Mumbai Indians,34,,,,,TA Boult,17,Indian Premier League
1216519,2020/21,2020-10-05,,Dubai International Cricket Stadium,Delhi Capitals,Royal Challengers Bangalore,Royal Challengers Bangalore,field,Delhi Capitals,59,,,,,AR Patel,19,Indian Premier League
1216511,2020/21,2020-10-06,Abu Dhabi,Sheikh Zayed Stadium,Mumbai Indians,Rajasthan Royals,Mumbai Indians,bat,Mumbai Indians,57,,,,,SA Yadav,20,Indian Premier League
1216501,2020/21,2020-10-07,Abu Dhabi,Sheikh Zayed Stadium,Kolkata Knight Riders,Chennai Super Kings,Kolkata Knight Riders,bat,Kolkata Knight Riders,10,,,,,RA Tripathi,21,Indian Premier League
1216542,2020/21,2020-10-08,,Dubai International Cricket Stadium,Sunrisers Hyderabad,Kings XI Punjab,Sunrisers Hyderabad,bat,Sunrisers Hyderabad,69,,,,,JM Bairstow,22,Indian Premier League
1216500,2020/21,2020-10-09,,Sharjah Cricket Stadium,Delhi Capitals,Rajasthan Royals,Rajasthan Royals,field,Delhi Capitals,46,,,,,R Ashwin,23,Indian Premier League
1216523,2020/21,2020-10-10,Abu Dhabi,Sheikh Zayed Stadium,Kolkata Knight Riders,Kings XI Punjab,Kolkata Knight Riders,bat,Kolkata Knight Riders,2,,,,,KD Karthik,24,Indian Premier League
1216525,2020/21,2020-10-10,,Dubai International Cricket Stadium,Royal Challengers Bangalore,Chennai Super Kings,Royal Challengers Bangalore,bat,Royal Challengers Bangalore,37,,,,,V Kohli,25,Indian Premier League
1216529,2020/21,2020-10-11,Abu Dhabi,Sheikh Zayed Stadium,Delhi Capitals,Mumbai Indians,Delhi Capitals,bat,Mumbai Indians,,5,,,,Q de Kock,27,Indian Premier League
1216507,2020/21,2020-10-11,,Dubai International Cricket Stadium,Sunrisers Hyderabad,Rajasthan Royals,Sunrisers Hyderabad,bat,Rajasthan Royals,,5,,,,R Tewatia,26,Indian Premier League
1216540,2020/21,2020-10-12,,Sharjah Cricket Stadium,Royal Challengers Bangalore,Kolkata Knight Riders,Royal Challengers Bangalore,bat,Royal Challengers Bangalore,82,,,,,AB de Villiers,28,Indian Premier League
1216528,2020/21,2020-10-13,,Dubai International Cricket Stadium,Chennai Super Kings,Sunrisers Hyderabad,Chennai Super Kings,bat,Chennai Super Kings,20,,,,,RA Jadeja,29,Indian Premier League
1216543,2020/21,2020-10-14,,Dubai International Cricket Stadium,Delhi Capitals,Rajasthan Royals,Delhi Capitals,bat,Delhi Capitals,13,,,,,A Nortje,30,Indian Premier League
1216531,2020/21,2020-10-15,,Sharjah Cricket Stadium,Royal Challengers Bangalore,Kings XI Punjab,Royal Challengers Bangalore,bat,Kings XI Punjab,,8,,,,KL Rahul,31,Indian Premier League
1216526,2020/21,2020-10-16,Abu Dhabi,Sheikh Zayed Stadium,Kolkata Knight Riders,Mumbai Indians,Kolkata Knight Riders,bat,Mumbai Indians,,8,,,,Q de Kock,32,Indian Premier League
1216522,2020/21,2020-10-17,,Dubai International Cricket Stadium,Rajasthan Royals,Royal Challengers Bangalore,Rajasthan Royals,bat,Royal Challengers Bangalore,,7,,,,AB de Villiers,33,Indian Premier League
1216509,2020/21,2020-10-17,,Sharjah Cricket Stadium,Chennai Super Kings,Delhi Capitals,Chennai Super Kings,bat,Delhi Capitals,,5,,,,S Dhawan,34,Indian Premier League
1216517,2020/21,2020-10-18,,Dubai International Cricket Stadium,Mumbai Indians,Kings XI Punjab,Mumbai Indians,bat,,,,tie,,Kings XI Punjab,KL Rahul,36,Indian Premier League
1216512,2020/21,2020-10-18,Abu Dhabi,Sheikh Zayed Stadium,Kolkata Knight Riders,Sunrisers Hyderabad,Sunrisers Hyderabad,field,,,,tie,,Kolkata Knight Riders,LH Ferguson,35,Indian Premier League
1216533,2020/21,2020-10-19,Abu Dhabi,Sheikh Zayed Stadium,Chennai Super Kings,Rajasthan Royals,Chennai Super Kings,bat,Rajasthan Royals,,7,,,,JC Buttler,37,Indian Premier League
1216546,2020/21,2020-10-20,,Dubai International Cricket Stadium,Delhi Capitals,Kings XI Punjab,Delhi Capitals,bat,Kings XI Punjab,,5,,,,S Dhawan,38,Indian Premier League
1216494,2020/21,2020-10-21,Abu Dhabi,Sheikh Zayed Stadium,Kolkata Knight Riders,Royal Challengers Bangalore,Kolkata Knight Riders,bat,Royal Challengers Bangalore,,8,,,,Mohammed Siraj,39,Indian Premier League
1216518,2020/21,2020-10-22,,Dubai International Cricket Stadium,Rajasthan Royals,Sunrisers Hyderabad,Sunrisers Hyderabad,field,Sunrisers Hyderabad,,8,,,,MK Pandey,40,Indian Premier League
1216521,2020/21,2020-10-23,,Sharjah Cricket Stadium,Chennai Super Kings,Mumbai Indians,Mumbai Indians,field,Mumbai Indians,,10,,,,TA Boult,41,Indian Premier League
1216498,2020/21,2020-10-24,,Dubai International Cricket Stadium,Kings XI Punjab,Sunrisers Hyderabad,Sunrisers Hyderabad,field,Kings XI Punjab,12,,,,,CJ Jordan,43,Indian Premier League
1216497,2020/21,2020-10-24,Abu Dhabi,Sheikh Zayed Stadium,Kolkata Knight Riders,Delhi Capitals,Delhi Capitals,field,Kolkata Knight Riders,59,,,,,CV Varun,42,Indian Premier League
1216541,2020/21,2020-10-25,Abu Dhabi,Sheikh Zayed Stadium,Mumbai Indians,Rajasthan Royals,Mumbai Indians,bat,Rajasthan Royals,,8,,,,BA Stokes,45,Indian Premier League
1216544,2020/21,2020-10-25,,Dubai International Cricket Stadium,Royal Challengers Bangalore,Chennai Super Kings,Royal Challengers Bangalore,bat,Chennai Super Kings,,8,,,,RD Gaikwad,44,Indian Premier League
1216520,2020/21,2020-10-26,,Sharjah Cricket Stadium,Kolkata Knight Riders,Kings XI Punjab,Kings XI Punjab,field,Kings XI Punjab,,8,,,,CH Gayle,46,Indian Premier League
1216524,2020/21,2020-10-27,,Dubai International Cricket Stadium,Sunrisers Hyderabad,Delhi Capitals,Delhi Capitals,field,Sunrisers Hyderabad,88,,,,,WP Saha,47,Indian Premier League
1216499,2020/21,2020-10-28,Abu Dhabi,Sheikh Zayed Stadium,Royal Challengers Bangalore,Mumbai Indians,Mumbai Indians,field,Mumbai Indians,,5,,,,SA Yadav,48,Indian Premier League
1216536,2020/21,2020-10-29,,Dubai International Cricket Stadium,Kolkata Knight Riders,Chennai Super Kings,Chennai Super Kings,field,Chennai Super Kings,,6,,,,RD Gaikwad,49,Indian Premier League
1216537,2020/21,2020-10-30,Abu Dhabi,Sheikh Zayed Stadium,Kings XI Punjab,Rajasthan Royals,Rajasthan Royals,field,Rajasthan Royals,,7,,,,BA Stokes,50,Indian Premier League
1216502,2020/21,2020-10-31,,Sharjah Cricket Stadium,Royal Challengers Bangalore,Sunrisers Hyderabad,Sunrisers Hyderabad,field,Sunrisers Hyderabad,,5,,,,Sandeep Sharma,52,Indian Premier League
1216535,2020/21,2020-10-31,,Dubai International Cricket Stadium,Delhi Capitals,Mumbai Indians,Mumbai Indians,field,Mumbai Indians,,9,,,,Ishan Kishan,51,Indian Premier League
1216506,2020/21,2020-11-01,Abu Dhabi,Sheikh Zayed Stadium,Kings XI Punjab,Chennai Super Kings,Chennai Super Kings,field,Chennai Super Kings,,9,,,,RD Gaikwad,53,Indian Premier League
1216530,2020/21,2020-11-01,,Dubai International Cricket Stadium,Kolkata Knight Riders,Rajasthan Royals,Rajasthan Royals,field,Kolkata Knight Riders,60,,,,,PJ Cummins,54,Indian Premier League
1216505,2020/21,2020-11-02,Abu Dhabi,Sheikh Zayed Stadium,Royal Challengers Bangalore,Delhi Capitals,Delhi Capitals,field,Delhi Capitals,,6,,,,A Nortje,55,Indian Premier League
1216495,2020/21,2020-11-03,,Sharjah Cricket Stadium,Mumbai Indians,Sunrisers Hyderabad,Sunrisers Hyderabad,field,Sunrisers Hyderabad,,10,,,,S Nadeem,56,Indian Premier League
1237177,2020/21,2020-11-05,,Dubai International Cricket Stadium,Mumbai Indians,Delhi Capitals,Delhi Capitals,field,Mumbai Indians,57,,,,,JJ Bumrah,,Indian Premier League
1237178,2020/21,2020-11-06,Abu Dhabi,Sheikh Zayed Stadium,Royal Challengers Bangalore,Sunrisers Hyderabad,Sunrisers Hyderabad,field,Sunrisers Hyderabad,,6,,,,KS Williamson,,Indian Premier League
1237180,2020/21,2020-11-08,Abu Dhabi,Sheikh Zayed Stadium,Delhi Capitals,Sunrisers Hyderabad,Delhi Capitals,bat,Delhi Capitals,17,,,,,MP Stoinis,,Indian Premier League
1237181,2020/21,2020-11-10,,Dubai International Cricket Stadium,Delhi Capitals,Mumbai Indians,Delhi Capitals,bat,Mumbai Indians,,5,,,,TA Boult,,Indian Premier League
1254058,2021,2021-04-09,Chennai,"MA Chidambaram Stadium, Chepauk, Chennai",Mumbai Indians,Royal Challengers Bangalore,Royal Challengers Bangalore,field,Royal Challengers Bangalore,,2,,,,HV Patel,1,Indian Premier League
1254059,2021,2021-04-10,Mumbai,"Wankhede Stadium, Mumbai",Chennai Super Kings,Delhi Capitals,Delhi Capitals,field,Delhi Capitals,,7,,,,S Dhawan,2,Indian Premier League
1254060,2021,2021-04-11,Chennai,"MA Chidambaram Stadium, Chepauk, Chennai",Kolkata Knight Riders,Sunrisers Hyderabad,Sunrisers Hyderabad,field,Kolkata Knight Riders,10,,,,,N Rana,3,Indian Premier League
1254061,2021,2021-04-12,Mumbai,"Wankhede Stadium, Mumbai",Punjab Kings,Rajasthan Royals,Rajasthan Royals,field,Punjab Kings,4,,,,,SV Samson,4,Indian Premier League
1254062,2021,2021-04-13,Chennai,"MA Chidambaram Stadium, Chepauk, Chennai",Mumbai Indians,Kolkata Knight Riders,Kolkata Knight Riders,field,Mumbai Indians,10,,,,,RD Chahar,5,Indian Premier League
1254063,2021,2021-04-14,Chennai,"MA Chidambaram Stadium, Chepauk, Chennai",Royal Challengers Bangalore,Sunrisers Hyderabad,Sunrisers Hyderabad,field,Royal Challengers Bangalore,6,,,,,GJ Maxwell,6,Indian Premier League
1254064,2021,2021-04-15,Mumbai,"Wankhede Stadium, Mumbai",Delhi Capitals,Rajasthan Royals,Rajasthan Royals,field,Rajasthan Royals,,3,,,,JD Unadkat,7,Indian Premier League
1254065,2021,2021-04-16,Mumbai,"Wankhede Stadium, Mumbai",Punjab Kings,Chennai Super Kings,Chennai Super Kings,field,Chennai Super Kings,,6,,,,DL Chahar,8,Indian Premier League
1254066,2021,2021-04-17,Chennai,"MA Chidambaram Stadium, Chepauk, Chennai",Mumbai Indians,Sunrisers Hyderabad,Mumbai Indians,bat,Mumbai Indians,13,,,,,KA Pollard,9,Indian Premier League
1254068,2021,2021-04-18,Mumbai,"Wankhede Stadium, Mumbai",Punjab Kings,Delhi Capitals,Delhi Capitals,field,Delhi Capitals,,6,,,,S Dhawan,11,Indian Premier League
1254067,2021,2021-04-18,Chennai,"MA Chidambaram Stadium, Chepauk, Chennai",Royal Challengers Bangalore,Kolkata Knight Riders,Royal Challengers Bangalore,bat,Royal Challengers Bangalore,38,,,,,AB de Villiers,10,Indian Premier League
1254069,2021,2021-04-19,Mumbai,"Wankhede Stadium, Mumbai",Chennai Super Kings,Rajasthan Royals,Rajasthan Royals,field,Chennai Super Kings,45,,,,,MM Ali,12,Indian Premier League
1254070,2021,2021-04-20,Chennai,"MA Chidambaram Stadium, Chepauk, Chennai",Mumbai Indians,Delhi Capitals,Mumbai Indians,bat,Delhi Capitals,,6,,,,A Mishra,13,Indian Premier League
1254071,2021,2021-04-21,Chennai,"MA Chidambaram Stadium, Chepauk, Chennai",Punjab Kings,Sunrisers Hyderabad,Punjab Kings,bat,Sunrisers Hyderabad,,9,,,,JM Bairstow,14,Indian Premier League
1254072,2021,2021-04-21,Mumbai,"Wankhede Stadium, Mumbai",Chennai Super Kings,Kolkata Knight Riders,Kolkata Knight Riders,field,Chennai Super Kings,18,,,,,F du Plessis,15,Indian Premier League
1254073,2021,2021-04-22,Mumbai,"Wankhede Stadium, Mumbai",Rajasthan Royals,Royal Challengers Bangalore,Royal Challengers Bangalore,field,Royal Challengers Bangalore,,10,,,,D Padikkal,16,Indian Premier League
1254074,2021,2021-04-23,Chennai,"MA Chidambaram Stadium, Chepauk, Chennai",Mumbai Indians,Punjab Kings,Punjab Kings,field,Punjab Kings,,9,,,,KL Rahul,17,Indian Premier League
1254075,2021,2021-04-24,Mumbai,"Wankhede Stadium, Mumbai",Kolkata Knight Riders,Rajasthan Royals,Rajasthan Royals,field,Rajasthan Royals,,6,,,,CH Morris,18,Indian Premier League
1254076,2021,2021-04-25,Mumbai,"Wankhede Stadium, Mumbai",Chennai Super Kings,Royal Challengers Bangalore,Chennai Super Kings,bat,Chennai Super Kings,69,,,,,RA Jadeja,19,Indian Premier League
1254077,2021,2021-04-25,Chennai,"MA Chidambaram Stadium, Chepauk, Chennai",Delhi Capitals,Sunrisers Hyderabad,Delhi Capitals,bat,,,,tie,,Delhi Capitals,PP Shaw,20,Indian Premier League
1254078,2021,2021-04-26,Ahmedabad,"Narendra Modi Stadium, Ahmedabad",Punjab Kings,Kolkata Knight Riders,Kolkata Knight Riders,field,Kolkata Knight Riders,,5,,,,EJG Morgan,21,Indian Premier League
1254079,2021,2021-04-27,Ahmedabad,"Narendra Modi Stadium, Ahmedabad",Royal Challengers Bangalore,Delhi Capitals,Delhi Capitals,field,Royal Challengers Bangalore,1,,,,,AB de Villiers,22,Indian Premier League
1254080,2021,2021-04-28,Delhi,"Arun Jaitley Stadium, Delhi",Sunrisers Hyderabad,Chennai Super Kings,Sunrisers Hyderabad,bat,Chennai Super Kings,,7,,,,RD Gaikwad,23,Indian Premier League
1254082,2021,2021-04-29,Ahmedabad,"Narendra Modi Stadium, Ahmedabad",Kolkata Knight Riders,Delhi Capitals,Delhi Capitals,field,Delhi Capitals,,7,,,,PP Shaw,25,Indian Premier League
1254081,2021,2021-04-29,Delhi,"Arun Jaitley Stadium, Delhi",Rajasthan Royals,Mumbai Indians,Mumbai Indians,field,Mumbai Indians,,7,,,,Q de Kock,24,Indian Premier League
1254083,2021,2021-04-30,Ahmedabad,"Narendra Modi Stadium, Ahmedabad",Punjab Kings,Royal Challengers Bangalore,Royal Challengers Bangalore,field,Punjab Kings,34,,,,,Harpreet Brar,26,Indian Premier League
1254084,2021,2021-05-01,Delhi,"Arun Jaitley Stadium, Delhi",Chennai Super Kings,Mumbai Indians,Mumbai Indians,field,Mumbai Indians,,4,,,,KA Pollard,27,Indian Premier League
1254085,2021,2021-05-02,Delhi,"Arun Jaitley Stadium, Delhi",Rajasthan Royals,Sunrisers Hyderabad,Sunrisers Hyderabad,field,Rajasthan Royals,55,,,,,JC Buttler,28,Indian Premier League
1254086,2021,2021-05-02,Ahmedabad,"Narendra Modi Stadium, Ahmedabad",Punjab Kings,Delhi Capitals,Delhi Capitals,field,Delhi Capitals,,7,,,,MA Agarwal,29,Indian Premier League
1254104,2021,2021-09-19,Dubai,Dubai International Cricket Stadium,Chennai Super Kings,Mumbai Indians,Chennai Super Kings,bat,Chennai Super Kings,20,,,,,RD Gaikwad,30,Indian Premier League
1254087,2021,2021-09-20,Abu Dhabi,"Zayed Cricket Stadium, Abu Dhabi",Royal Challengers Bangalore,Kolkata Knight Riders,Royal Challengers Bangalore,bat,Kolkata Knight Riders,,9,,,,CV Varun,31,Indian Premier League
1254111,2021,2021-09-21,Dubai,Dubai International Cricket Stadium,Rajasthan Royals,Punjab Kings,Punjab Kings,field,Rajasthan Royals,2,,,,,Kartik Tyagi,32,Indian Premier League
1254105,2021,2021-09-22,Dubai,Dubai International Cricket Stadium,Sunrisers Hyderabad,Delhi Capitals,Sunrisers Hyderabad,bat,Delhi Capitals,,8,,,,A Nortje,33,Indian Premier League
1254096,2021,2021-09-23,Abu Dhabi,"Zayed Cricket Stadium, Abu Dhabi",Mumbai Indians,Kolkata Knight Riders,Kolkata Knight Riders,field,Kolkata Knight Riders,,7,,,,SP Narine,34,Indian Premier League
1254113,2021,2021-09-24,Sharjah,Sharjah Cricket Stadium,Royal Challengers Bangalore,Chennai Super Kings,Chennai Super Kings,field,Chennai Super Kings,,6,,,,DJ Bravo,35,Indian Premier League
1254107,2021,2021-09-25,Sharjah,Sharjah Cricket Stadium,Punjab Kings,Sunrisers Hyderabad,Sunrisers Hyderabad,field,Punjab Kings,5,,,,,JO Holder,37,Indian Premier League
1254097,2021,2021-09-25,Abu Dhabi,"Zayed Cricket Stadium, Abu Dhabi",Delhi Capitals,Rajasthan Royals,Rajasthan Royals,field,Delhi Capitals,33,,,,,SS Iyer,36,Indian Premier League
1254098,2021,2021-09-26,Abu Dhabi,"Zayed Cricket Stadium, Abu Dhabi",Kolkata Knight Riders,Chennai Super Kings,Kolkata Knight Riders,bat,Chennai Super Kings,,2,,,,RA Jadeja,38,Indian Premier League
1254108,2021,2021-09-26,Dubai,Dubai International Cricket Stadium,Royal Challengers Bangalore,Mumbai Indians,Mumbai Indians,field,Royal Challengers Bangalore,54,,,,,GJ Maxwell,39,Indian Premier League
1254100,2021,2021-09-27,Dubai,Dubai International Cricket Stadium,Rajasthan Royals,Sunrisers Hyderabad,Rajasthan Royals,bat,Sunrisers Hyderabad,,7,,,,JJ Roy,40,Indian Premier League
1254099,2021,2021-09-28,Abu Dhabi,"Zayed Cricket Stadium, Abu Dhabi",Punjab Kings,Mumbai Indians,Mumbai Indians,field,Mumbai Indians,,6,,,,KA Pollard,42,Indian Premier League
1254092,2021,2021-09-28,Sharjah,Sharjah Cricket Stadium,Delhi Capitals,Kolkata Knight Riders,Kolkata Knight Riders,field,Kolkata Knight Riders,,3,,,,SP Narine,41,Indian Premier League
1254103,2021,2021-09-29,Dubai,Dubai International Cricket Stadium,Rajasthan Royals,Royal Challengers Bangalore,Royal Challengers Bangalore,field,Royal Challengers Bangalore,,7,,,,YS Chahal,43,Indian Premier League
1254091,2021,2021-09-30,Sharjah,Sharjah Cricket Stadium,Sunrisers Hyderabad,Chennai Super Kings,Chennai Super Kings,field,Chennai Super Kings,,6,,,,JR Hazlewood,44,Indian Premier League
1254102,2021,2021-10-01,Dubai,Dubai International Cricket Stadium,Kolkata Knight Riders,Punjab Kings,Punjab Kings,field,Punjab Kings,,5,,,,KL Rahul,45,Indian Premier League
1254112,2021,2021-10-02,Sharjah,Sharjah Cricket Stadium,Mumbai Indians,Delhi Capitals,Delhi Capitals,field,Delhi Capitals,,4,,,,AR Patel,46,Indian Premier League
1254089,2021,2021-10-02,Abu Dhabi,"Zayed Cricket Stadium, Abu Dhabi",Chennai Super Kings,Rajasthan Royals,Rajasthan Royals,field,Rajasthan Royals,,7,,,,RD Gaikwad,47,Indian Premier League
1254109,2021,2021-10-03,Dubai,Dubai International Cricket Stadium,Sunrisers Hyderabad,Kolkata Knight Riders,Sunrisers Hyderabad,bat,Kolkata Knight Riders,,6,,,,Shubman Gill,49,Indian Premier League
1254090,2021,2021-10-03,Sharjah,Sharjah Cricket Stadium,Royal Challengers Bangalore,Punjab Kings,Royal Challengers Bangalore,bat,Royal Challengers Bangalore,6,,,,,GJ Maxwell,48,Indian Premier League
1254110,2021,2021-10-04,Dubai,Dubai International Cricket Stadium,Chennai Super Kings,Delhi Capitals,Delhi Capitals,field,Delhi Capitals,,3,,,,AR Patel,50,Indian Premier League
1254093,2021,2021-10-05,Sharjah,Sharjah Cricket Stadium,Rajasthan Royals,Mumbai Indians,Mumbai Indians,field,Mumbai Indians,,8,,,,NM Coulter-Nile,51,Indian Premier League
1254095,2021,2021-10-06,Abu Dhabi,"Zayed Cricket Stadium, Abu Dhabi",Sunrisers Hyderabad,Royal Challengers Bangalore,Royal Challengers Bangalore,field,Sunrisers Hyderabad,4,,,,,KS Williamson,52,Indian Premier League
1254094,2021,2021-10-07,Dubai,Dubai International Cricket Stadium,Chennai Super Kings,Punjab Kings,Punjab Kings,field,Punjab Kings,,6,,,,KL Rahul,53,Indian Premier League
1254106,2021,2021-10-07,Sharjah,Sharjah Cricket Stadium,Kolkata Knight Riders,Rajasthan Royals,Rajasthan Royals,field,Kolkata Knight Riders,86,,,,,Shivam Mavi,54,Indian Premier League
1254101,2021,2021-10-08,Dubai,Dubai International Cricket Stadium,Delhi Capitals,Royal Challengers Bangalore,Royal Challengers Bangalore,field,Royal Challengers Bangalore,,7,,,,KS Bharat,56,Indian Premier League
1254088,2021,2021-10-08,Abu Dhabi,"Zayed Cricket Stadium, Abu Dhabi",Mumbai Indians,Sunrisers Hyderabad,Mumbai Indians,bat,Mumbai Indians,42,,,,,Ishan Kishan,55,Indian Premier League
1254114,2021,2021-10-10,Dubai,Dubai International Cricket Stadium,Delhi Capitals,Chennai Super Kings,Chennai Super Kings,field,Chennai Super Kings,,4,,,,RD Gaikwad,,Indian Premier League
1254115,2021,2021-10-11,Sharjah,Sharjah Cricket Stadium,Royal Challengers Bangalore,Kolkata Knight Riders,Royal Challengers Bangalore,bat,Kolkata Knight Riders,,4,,,,SP Narine,,Indian Premier League
1254116,2021,2021-10-13,Sharjah,Sharjah Cricket Stadium,Delhi Capitals,Kolkata Knight Riders,Kolkata Knight Riders,field,Kolkata Knight Riders,,3,,,,VR Iyer,,Indian Premier League
1254117,2021,2021-10-15,Dubai,Dubai International Cricket Stadium,Chennai Super Kings,Kolkata Knight Riders,Kolkata Knight Riders,field,Chennai Super Kings,27,,,,,F du Plessis,,Indian Premier League
1304047,2022,2022-03-26,Mumbai,"Wankhede Stadium, Mumbai",Chennai Super Kings,Kolkata Knight Riders,Kolkata Knight Riders,field,Kolkata Knight Riders,,6,,,,UT Yadav,1,Indian Premier League
1304048,2022,2022-03-27,Mumbai,"Brabourne Stadium, Mumbai",Mumbai Indians,Delhi Capitals,Delhi Capitals,field,Delhi Capitals,,4,,,,Kuldeep Yadav,2,Indian Premier League
1304049,2022,2022-03-27,Mumbai,"Dr DY Patil Sports Academy, Mumbai",Royal Challengers Bangalore,Punjab Kings,Punjab Kings,field,Punjab Kings,,5,,,,OF Smith,3,Indian Premier League
1304050,2022,2022-03-28,Mumbai,"Wankhede Stadium, Mumbai",Lucknow Super Giants,Gujarat Titans,Gujarat Titans,field,Gujarat Titans,,5,,,,Mohammed Shami,4,Indian Premier League
1304051,2022,2022-03-29,Pune,"Maharashtra Cricket Association Stadium, Pune",Rajasthan Royals,Sunrisers Hyderabad,Sunrisers Hyderabad,field,Rajasthan Royals,61,,,,,SV Samson,5,Indian Premier League
1304052,2022,2022-03-30,Mumbai,"Dr DY Patil Sports Academy, Mumbai",Kolkata Knight Riders,Royal Challengers Bangalore,Royal Challengers Bangalore,field,Royal Challengers Bangalore,,3,,,,PWH de Silva,6,Indian Premier League
1304053,2022,2022-03-31,Mumbai,"Brabourne Stadium, Mumbai",Chennai Super Kings,Lucknow Super Giants,Lucknow Super Giants,field,Lucknow Super Giants,,6,,,,E Lewis,7,Indian Premier League
1304054,2022,2022-04-01,Mumbai,"Wankhede Stadium, Mumbai",Punjab Kings,Kolkata Knight Riders,Kolkata Knight Riders,field,Kolkata Knight Riders,,6,,,,UT Yadav,8,Indian Premier League
1304055,2022,2022-04-02,Mumbai,"Dr DY Patil Sports Academy, Mumbai",Rajasthan Royals,Mumbai Indians,Mumbai Indians,field,Rajasthan Royals,23,,,,,JC Buttler,9,Indian Premier League
1304056,2022,2022-04-02,Pune,"Maharashtra Cricket Association Stadium, Pune",Gujarat Titans,Delhi Capitals,Delhi Capitals,field,Gujarat Titans,14,,,,,LH Ferguson,10,Indian Premier League
1304057,2022,2022-04-03,Mumbai,"Brabourne Stadium, Mumbai",Punjab Kings,Chennai Super Kings,Chennai Super Kings,field,Punjab Kings,54,,,,,LS Livingstone,11,Indian Premier League
1304058,2022,2022-04-04,Mumbai,"Dr DY Patil Sports Academy, Mumbai",Lucknow Super Giants,Sunrisers Hyderabad,Sunrisers Hyderabad,field,Lucknow Super Giants,12,,,,,Avesh Khan,12,Indian Premier League
1304059,2022,2022-04-05,Mumbai,"Wankhede Stadium, Mumbai",Rajasthan Royals,Royal Challengers Bangalore,Royal Challengers Bangalore,field,Royal Challengers Bangalore,,4,,,,KD Karthik,13,Indian Premier League
1304060,2022,2022-04-06,Pune,"Maharashtra Cricket Association Stadium, Pune",Mumbai Indians,Kolkata Knight Riders,Kolkata Knight Riders,field,Kolkata Knight Riders,,5,,,,PJ Cummins,14,Indian Premier League
1304061,2022,2022-04-07,Mumbai,"Dr DY Patil Sports Academy, Mumbai",Delhi Capitals,Lucknow Super Giants,Lucknow Super Giants,field,Lucknow Super Giants,,6,,,,Q de Kock,15,Indian Premier League
1304062,2022,2022-04-08,Mumbai,"Brabourne Stadium, Mumbai",Punjab Kings,Gujarat Titans,Gujarat Titans,field,Gujarat Titans,,6,,,,Shubman Gill,16,Indian Premier League
1304064,2022,2022-04-09,Pune,"Maharashtra Cricket Association Stadium, Pune",Mumbai Indians,Royal Challengers Bangalore,Royal Challengers Bangalore,field,Royal Challengers Bangalore,,7,,,,Anuj Rawat,18,Indian Premier League
1304063,2022,2022-04-09,Mumbai,"Dr DY Patil Sports Academy, Mumbai",Chennai Super Kings,Sunrisers Hyderabad,Sunrisers Hyderabad,field,Sunrisers Hyderabad,,8,,,,Abhishek Sharma,17,Indian Premier League
1304065,2022,2022-04-10,Mumbai,"Brabourne Stadium, Mumbai",Delhi Capitals,Kolkata Knight Riders,Kolkata Knight Riders,field,Delhi Capitals,44,,,,,Kuldeep Yadav,19,Indian Premier League
1304066,2022,2022-04-10,Mumbai,"Wankhede Stadium, Mumbai",Rajasthan Royals,Lucknow Super Giants,Lucknow Super Giants,field,Rajasthan Royals,3,,,,,YS Chahal,20,Indian Premier League
1304067,2022,2022-04-11,Mumbai,"Dr DY Patil Sports Academy, Mumbai",Gujarat Titans,Sunrisers Hyderabad,Sunrisers Hyderabad,field,Sunrisers Hyderabad,,8,,,,KS Williamson,21,Indian Premier League
1304068,2022,2022-04-12,Mumbai,"Dr DY Patil Sports Academy, Mumbai",Chennai Super Kings,Royal Challengers Bangalore,Royal Challengers Bangalore,field,Chennai Super Kings,23,,,,,S Dube,22,Indian Premier League
1304069,2022,2022-04-13,Pune,"Maharashtra Cricket Association Stadium, Pune",Punjab Kings,Mumbai Indians,Mumbai Indians,field,Punjab Kings,12,,,,,MA Agarwal,23,Indian Premier League
1304070,2022,2022-04-14,Mumbai,"Dr DY Patil Sports Academy, Mumbai",Gujarat Titans,Rajasthan Royals,Rajasthan Royals,field,Gujarat Titans,37,,,,,HH Pandya,24,Indian Premier League
1304071,2022,2022-04-15,Mumbai,"Brabourne Stadium, Mumbai",Kolkata Knight Riders,Sunrisers Hyderabad,Sunrisers Hyderabad,field,Sunrisers Hyderabad,,7,,,,RA Tripathi,25,Indian Premier League
1304072,2022,2022-04-16,Mumbai,"Brabourne Stadium, Mumbai",Lucknow Super Giants,Mumbai Indians,Mumbai Indians,field,Lucknow Super Giants,18,,,,,KL Rahul,26,Indian Premier League
1304073,2022,2022-04-16,Mumbai,"Wankhede Stadium, Mumbai",Royal Challengers Bangalore,Delhi Capitals,Delhi Capitals,field,Royal Challengers Bangalore,16,,,,,KD Karthik,27,Indian Premier League
1304075,2022,2022-04-17,Pune,"Maharashtra Cricket Association Stadium, Pune",Chennai Super Kings,Gujarat Titans,Gujarat Titans,field,Gujarat Titans,,3,,,,DA Miller,29,Indian Premier League
1304074,2022,2022-04-17,Mumbai,"Dr DY Patil Sports Academy, Mumbai",Punjab Kings,Sunrisers Hyderabad,Sunrisers Hyderabad,field,Sunrisers Hyderabad,,7,,,,Umran Malik,28,Indian Premier League
1304076,2022,2022-04-18,Mumbai,"Brabourne Stadium, Mumbai",Rajasthan Royals,Kolkata Knight Riders,Kolkata Knight Riders,field,Rajasthan Royals,7,,,,,YS Chahal,30,Indian Premier League
1304077,2022,2022-04-19,Mumbai,"Dr DY Patil Sports Academy, Mumbai",Royal Challengers Bangalore,Lucknow Super Giants,Lucknow Super Giants,field,Royal Challengers Bangalore,18,,,,,F du Plessis,31,Indian Premier League
1304078,2022,2022-04-20,Mumbai,"Brabourne Stadium, Mumbai",Punjab Kings,Delhi Capitals,Delhi Capitals,field,Delhi Capitals,,9,,,,Kuldeep Yadav,32,Indian Premier League
1304079,2022,2022-04-21,Navi Mumbai,"Dr DY Patil Sports Academy, Mumbai",Mumbai Indians,Chennai Super Kings,Chennai Super Kings,field,Chennai Super Kings,,3,,,,Mukesh Choudhary,33,Indian Premier League
1304080,2022,2022-04-22,Mumbai,"Wankhede Stadium, Mumbai",Rajasthan Royals,Delhi Capitals,Delhi Capitals,field,Rajasthan Royals,15,,,,,JC Buttler,34,Indian Premier League
1304081,2022,2022-04-23,Navi Mumbai,"Dr DY Patil Sports Academy, Mumbai",Gujarat Titans,Kolkata Knight Riders,Gujarat Titans,bat,Gujarat Titans,8,,,,,Rashid Khan,35,Indian Premier League
1304082,2022,2022-04-23,Mumbai,"Brabourne Stadium, Mumbai",Royal Challengers Bangalore,Sunrisers Hyderabad,Sunrisers Hyderabad,field,Sunrisers Hyderabad,,9,,,,M Jansen,36,Indian Premier League
1304083,2022,2022-04-24,Mumbai,"Wankhede Stadium, Mumbai",Lucknow Super Giants,Mumbai Indians,Mumbai Indians,field,Lucknow Super Giants,36,,,,,KL Rahul,37,Indian Premier League
1304084,2022,2022-04-25,Mumbai,"Wankhede Stadium, Mumbai",Punjab Kings,Chennai Super Kings,Chennai Super Kings,field,Punjab Kings,11,,,,,S Dhawan,38,Indian Premier League
1304085,2022,2022-04-26,Pune,"Maharashtra Cricket Association Stadium, Pune",Rajasthan Royals,Royal Challengers Bangalore,Royal Challengers Bangalore,field,Rajasthan Royals,29,,,,,R Parag,39,Indian Premier League
1304086,2022,2022-04-27,Mumbai,"Wankhede Stadium, Mumbai",Sunrisers Hyderabad,Gujarat Titans,Gujarat Titans,field,Gujarat Titans,,5,,,,Umran Malik,40,Indian Premier League
1304087,2022,2022-04-28,Mumbai,"Wankhede Stadium, Mumbai",Kolkata Knight Riders,Delhi Capitals,Delhi Capitals,field,Delhi Capitals,,4,,,,Kuldeep Yadav,41,Indian Premier League
1304088,2022,2022-04-29,Pune,"Maharashtra Cricket Association Stadium, Pune",Lucknow Super Giants,Punjab Kings,Punjab Kings,field,Lucknow Super Giants,20,,,,,KH Pandya,42,Indian Premier League
1304090,2022,2022-04-30,Navi Mumbai,"Dr DY Patil Sports Academy, Mumbai",Rajasthan Royals,Mumbai Indians,Mumbai Indians,field,Mumbai Indians,,5,,,,SA Yadav,44,Indian Premier League
1304089,2022,2022-04-30,Mumbai,"Brabourne Stadium, Mumbai",Royal Challengers Bangalore,Gujarat Titans,Royal Challengers Bangalore,bat,Gujarat Titans,,6,,,,R Tewatia,43,Indian Premier League
1304091,2022,2022-05-01,Mumbai,"Wankhede Stadium, Mumbai",Lucknow Super Giants,Delhi Capitals,Lucknow Super Giants,bat,Lucknow Super Giants,6,,,,,Mohsin Khan,45,Indian Premier League
1304092,2022,2022-05-01,Pune,"Maharashtra Cricket Association Stadium, Pune",Chennai Super Kings,Sunrisers Hyderabad,Sunrisers Hyderabad,field,Chennai Super Kings,13,,,,,RD Gaikwad,46,Indian Premier League
1304093,2022,2022-05-02,Mumbai,"Wankhede Stadium, Mumbai",Rajasthan Royals,Kolkata Knight Riders,Kolkata Knight Riders,field,Kolkata Knight Riders,,7,,,,RK Singh,47,Indian Premier League
1304094,2022,2022-05-03,Navi Mumbai,"Dr DY Patil Sports Academy, Mumbai",Gujarat Titans,Punjab Kings,Gujarat Titans,bat,Punjab Kings,,8,,,,K Rabada,48,Indian Premier League
1304095,2022,2022-05-04,Pune,"Maharashtra Cricket Association Stadium, Pune",Royal Challengers Bangalore,Chennai Super Kings,Chennai Super Kings,field,Royal Challengers Bangalore,13,,,,,HV Patel,49,Indian Premier League
1304096,2022,2022-05-05,Mumbai,"Brabourne Stadium, Mumbai",Delhi Capitals,Sunrisers Hyderabad,Sunrisers Hyderabad,field,Delhi Capitals,21,,,,,DA Warner,50,Indian Premier League
1304097,2022,2022-05-06,Mumbai,"Brabourne Stadium, Mumbai",Mumbai Indians,Gujarat Titans,Gujarat Titans,field,Mumbai Indians,5,,,,,TH David,51,Indian Premier League
1304099,2022,2022-05-07,Pune,"Maharashtra Cricket Association Stadium, Pune",Lucknow Super Giants,Kolkata Knight Riders,Kolkata Knight Riders,field,Lucknow Super Giants,75,,,,,Avesh Khan,53,Indian Premier League
1304098,2022,2022-05-07,Mumbai,"Wankhede Stadium, Mumbai",Punjab Kings,Rajasthan Royals,Punjab Kings,bat,Rajasthan Royals,,6,,,,YBK Jaiswal,52,Indian Premier League
1304101,2022,2022-05-08,Navi Mumbai,"Dr DY Patil Sports Academy, Mumbai",Chennai Super Kings,Delhi Capitals,Delhi Capitals,field,Chennai Super Kings,91,,,,,DP Conway,55,Indian Premier League
1304100,2022,2022-05-08,Mumbai,"Wankhede Stadium, Mumbai",Royal Challengers Bangalore,Sunrisers Hyderabad,Royal Challengers Bangalore,bat,Royal Challengers Bangalore,67,,,,,PWH de Silva,54,Indian Premier League
1304102,2022,2022-05-09,Navi Mumbai,"Dr DY Patil Sports Academy, Mumbai",Kolkata Knight Riders,Mumbai Indians,Mumbai Indians,field,Kolkata Knight Riders,52,,,,,JJ Bumrah,56,Indian Premier League
1304103,2022,2022-05-10,Pune,"Maharashtra Cricket Association Stadium, Pune",Gujarat Titans,Lucknow Super Giants,Gujarat Titans,bat,Gujarat Titans,62,,,,,Shubman Gill,57,Indian Premier League
1304104,2022,2022-05-11,Navi Mumbai,"Dr DY Patil Sports Academy, Mumbai",Rajasthan Royals,Delhi Capitals,Delhi Capitals,field,Delhi Capitals,,8,,,,MR Marsh,58,Indian Premier League
1304105,2022,2022-05-12,Mumbai,"Wankhede Stadium, Mumbai",Chennai Super Kings,Mumbai Indians,Mumbai Indians,field,Mumbai Indians,,5,,,,DR Sams,59,Indian Premier League
1304106,2022,2022-05-13,Mumbai,"Brabourne Stadium, Mumbai",Punjab Kings,Royal Challengers Bangalore,Royal Challengers Bangalore,field,Punjab Kings,54,,,,,JM Bairstow,60,Indian Premier League
1304107,2022,2022-05-14,Pune,"Maharashtra Cricket Association Stadium, Pune",Kolkata Knight Riders,Sunrisers Hyderabad,Kolkata Knight Riders,bat,Kolkata Knight Riders,54,,,,,AD Russell,61,Indian Premier League
1304108,2022,2022-05-15,Mumbai,"Wankhede Stadium, Mumbai",Chennai Super Kings,Gujarat Titans,Chennai Super Kings,bat,Gujarat Titans,,7,,,,WP Saha,62,Indian Premier League
1304109,2022,2022-05-15,Mumbai,"Brabourne Stadium, Mumbai",Rajasthan Royals,Lucknow Super Giants,Rajasthan Royals,bat,Rajasthan Royals,24,,,,,TA Boult,63,Indian Premier League
1304110,2022,2022-05-16,Navi Mumbai,"Dr DY Patil Sports Academy, Mumbai",Delhi Capitals,Punjab Kings,Punjab Kings,field,Delhi Capitals,17,,,,,SN Thakur,64,Indian Premier League
1304111,2022,2022-05-17,Mumbai,"Wankhede Stadium, Mumbai",Sunrisers Hyderabad,Mumbai Indians,Mumbai Indians,field,Sunrisers Hyderabad,3,,,,,RA Tripathi,65,Indian Premier League
1304112,2022,2022-05-18,Navi Mumbai,"Dr DY Patil Sports Academy, Mumbai",Lucknow Super Giants,Kolkata Knight Riders,Lucknow Super Giants,bat,Lucknow Super Giants,2,,,,,Q de Kock,66,Indian Premier League
1304113,2022,2022-05-19,Mumbai,"Wankhede Stadium, Mumbai",Gujarat Titans,Royal Challengers Bangalore,Gujarat Titans,bat,Royal Challengers Bangalore,,8,,,,V Kohli,67,Indian Premier League
1304114,2022,2022-05-20,Mumbai,"Brabourne Stadium, Mumbai",Chennai Super Kings,Rajasthan Royals,Chennai Super Kings,bat,Rajasthan Royals,,5,,,,R Ashwin,68,Indian Premier League
1304115,2022,2022-05-21,Mumbai,"Wankhede Stadium, Mumbai",Delhi Capitals,Mumbai Indians,Mumbai Indians,field,Mumbai Indians,,5,,,,JJ Bumrah,69,Indian Premier League
1304116,2022,2022-05-22,Mumbai,"Wankhede Stadium, Mumbai",Sunrisers Hyderabad,Punjab Kings,Sunrisers Hyderabad,bat,Punjab Kings,,5,,,,Harpreet Brar,70,Indian Premier League
1312197,2022,2022-05-24,Kolkata,"Eden Gardens, Kolkata",Rajasthan Royals,Gujarat Titans,Gujarat Titans,field,Gujarat Titans,,7,,,,DA Miller,,Indian Premier League
1312198,2022,2022-05-25,Kolkata,"Eden Gardens, Kolkata",Royal Challengers Bangalore,Lucknow Super Giants,Lucknow Super Giants,field,Royal Challengers Bangalore,14,,,,,RM Patidar,,Indian Premier League
1312199,2022,2022-05-27,Ahmedabad,"Narendra Modi Stadium, Ahmedabad",Royal Challengers Bangalore,Rajasthan Royals,Rajasthan Royals,field,Rajasthan Royals,,7,,,,JC Buttler,,Indian Premier League
1312200,2022,2022-05-29,Ahmedabad,"Narendra Modi Stadium, Ahmedabad",Rajasthan Royals,Gujarat Titans,Rajasthan Royals,bat,Gujarat Titans,,7,,,,HH Pandya,,Indian Premier League
1359475,2023,2023-03-31,Ahmedabad,"Narendra Modi Stadium, Ahmedabad",Chennai Super Kings,Gujarat Titans,Gujarat Titans,field,Gujarat Titans,,5,,,,Rashid Khan,1,Indian Premier League
1359477,2023,2023-04-01,Lucknow,"Bharat Ratna Shri Atal Bihari Vajpayee Ekana Cricket Stadium, Lucknow",Lucknow Super Giants,Delhi Capitals,Delhi Capitals,field,Lucknow Super Giants,50,,,,,MA Wood,3,Indian Premier League
1359476,2023,2023-04-01,Chandigarh,"Punjab Cricket Association IS Bindra Stadium, Mohali, Chandigarh",Punjab Kings,Kolkata Knight Riders,Kolkata Knight Riders,field,Punjab Kings,7,,,D/L,,Arshdeep Singh,2,Indian Premier League
1359478,2023,2023-04-02,Hyderabad,"Rajiv Gandhi International Stadium, Uppal, Hyderabad",Rajasthan Royals,Sunrisers Hyderabad,Sunrisers Hyderabad,field,Rajasthan Royals,72,,,,,JC Buttler,4,Indian Premier League
1359479,2023,2023-04-02,Bengaluru,"M Chinnaswamy Stadium, Bengaluru",Mumbai Indians,Royal Challengers Bangalore,Royal Challengers Bangalore,field,Royal Challengers Bangalore,,8,,,,F du Plessis,5,Indian Premier League
1359480,2023,2023-04-03,Chennai,"MA Chidambaram Stadium, Chepauk, Chennai",Chennai Super Kings,Lucknow Super Giants,Lucknow Super Giants,field,Chennai Super Kings,12,,,,,MM Ali,6,Indian Premier League
1359481,2023,2023-04-04,Delhi,"Arun Jaitley Stadium, Delhi",Delhi Capitals,Gujarat Titans,Gujarat Titans,field,Gujarat Titans,,6,,,,B Sai Sudharsan,7,Indian Premier League
1359482,2023,2023-04-05,Guwahati,"Barsapara Cricket Stadium, Guwahati",Punjab Kings,Rajasthan Royals,Rajasthan Royals,field,Punjab Kings,5,,,,,NT Ellis,8,Indian Premier League
1359483,2023,2023-04-06,Kolkata,"Eden Gardens, Kolkata",Kolkata Knight Riders,Royal Challengers Bangalore,Royal Challengers Bangalore,field,Kolkata Knight Riders,81,,,,,SN Thakur,9,Indian Premier League
1359484,2023,2023-04-07,Lucknow,"Bharat Ratna Shri Atal Bihari Vajpayee Ekana Cricket Stadium, Lucknow",Sunrisers Hyderabad,Lucknow Super Giants,Sunrisers Hyderabad,bat,Lucknow Super Giants,,5,,,,KH Pandya,10,Indian Premier League
1359485,2023,2023-04-08,Guwahati,"Barsapara Cricket Stadium, Guwahati",Rajasthan Royals,Delhi Capitals,Delhi Capitals,field,Rajasthan Royals,57,,,,,YBK Jaiswal,11,Indian Premier League
1359486,2023,2023-04-08,Mumbai,"Wankhede Stadium, Mumbai",Mumbai Indians,Chennai Super Kings,Chennai Super Kings,field,Chennai Super Kings,,7,,,,RA Jadeja,12,Indian Premier League
1359487,2023,2023-04-09,Ahmedabad,"Narendra Modi Stadium, Ahmedabad",Gujarat Titans,Kolkata Knight Riders,Gujarat Titans,bat,Kolkata Knight Riders,,3,,,,RK Singh,13,Indian Premier League
1359488,2023,2023-04-09,Hyderabad,"Rajiv Gandhi International Stadium, Uppal, Hyderabad",Punjab Kings,Sunrisers Hyderabad,Sunrisers Hyderabad,field,Sunrisers Hyderabad,,8,,,,S Dhawan,14,Indian Premier League
1359489,2023,2023-04-10,Bengaluru,"M Chinnaswamy Stadium, Bengaluru",Royal Challengers Bangalore,Lucknow Super Giants,Lucknow Super Giants,field,Lucknow Super Giants,,1,,,,N Pooran,15,Indian Premier League
1359490,2023,2023-04-11,Delhi,"Arun Jaitley Stadium, Delhi",Delhi Capitals,Mumbai Indians,Mumbai Indians,field,Mumbai Indians,,6,,,,RG Sharma,16,Indian Premier League
1359491,2023,2023-04-12,Chennai,"MA Chidambaram Stadium, Chepauk, Chennai",Rajasthan Royals,Chennai Super Kings,Chennai Super Kings,field,Rajasthan Royals,3,,,,,R Ashwin,17,Indian Premier League
1359492,2023,2023-04-13,Chandigarh,"Punjab Cricket Association IS Bindra Stadium, Mohali, Chandigarh",Punjab Kings,Gujarat Titans,Gujarat Titans,field,Gujarat Titans,,6,,,,MM Sharma,18,Indian Premier League
1359493,2023,2023-04-14,Kolkata,"Eden Gardens, Kolkata",Sunrisers Hyderabad,Kolkata Knight Riders,Kolkata Knight Riders,field,Sunrisers Hyderabad,23,,,,,HC Brook,19,Indian Premier League
1359494,2023,2023-04-15,Bengaluru,"M Chinnaswamy Stadium, Bengaluru",Royal Challengers Bangalore,Delhi Capitals,Delhi Capitals,field,Royal Challengers Bangalore,23,,,,,V Kohli,20,Indian Premier League
1359495,2023,2023-04-15,Lucknow,"Bharat Ratna Shri Atal Bihari Vajpayee Ekana Cricket Stadium, Lucknow",Lucknow Super Giants,Punjab Kings,Punjab Kings,field,Punjab Kings,,2,,,,Sikandar Raza,21,Indian Premier League
1359497,2023,2023-04-16,Ahmedabad,"Narendra Modi Stadium, Ahmedabad",Gujarat Titans,Rajasthan Royals,Rajasthan Royals,field,Rajasthan Royals,,3,,,,SO Hetmyer,23,Indian Premier League
1359496,2023,2023-04-16,Mumbai,"Wankhede Stadium, Mumbai",Kolkata Knight Riders,Mumbai Indians,Mumbai Indians,field,Mumbai Indians,,5,,,,VR Iyer,22,Indian Premier League
1359498,2023,2023-04-17,Bengaluru,"M Chinnaswamy Stadium, Bengaluru",Chennai Super Kings,Royal Challengers Bangalore,Royal Challengers Bangalore,field,Chennai Super Kings,8,,,,,DP Conway,24,Indian Premier League
1359499,2023,2023-04-18,Hyderabad,"Rajiv Gandhi International Stadium, Uppal, Hyderabad",Mumbai Indians,Sunrisers Hyderabad,Sunrisers Hyderabad,field,Mumbai Indians,14,,,,,C Green,25,Indian Premier League
1359500,2023,2023-04-19,Jaipur,"Sawai Mansingh Stadium, Jaipur",Lucknow Super Giants,Rajasthan Royals,Rajasthan Royals,field,Lucknow Super Giants,10,,,,,MP Stoinis,26,Indian Premier League
1359502,2023,2023-04-20,Delhi,"Arun Jaitley Stadium, Delhi",Kolkata Knight Riders,Delhi Capitals,Delhi Capitals,field,Delhi Capitals,,4,,,,I Sharma,28,Indian Premier League
1359501,2023,2023-04-20,Chandigarh,"Punjab Cricket Association IS Bindra Stadium, Mohali, Chandigarh",Royal Challengers Bangalore,Punjab Kings,Punjab Kings,field,Royal Challengers Bangalore,24,,,,,Mohammed Siraj,27,Indian Premier League
1359503,2023,2023-04-21,Chennai,"MA Chidambaram Stadium, Chepauk, Chennai",Sunrisers Hyderabad,Chennai Super Kings,Chennai Super Kings,field,Chennai Super Kings,,7,,,,RA Jadeja,29,Indian Premier League
1359504,2023,2023-04-22,Lucknow,"Bharat Ratna Shri Atal Bihari Vajpayee Ekana Cricket Stadium, Lucknow",Gujarat Titans,Lucknow Super Giants,Gujarat Titans,bat,Gujarat Titans,7,,,,,MM Sharma,30,Indian Premier League
1359505,2023,2023-04-22,Mumbai,"Wankhede Stadium, Mumbai",Punjab Kings,Mumbai Indians,Mumbai Indians,field,Punjab Kings,13,,,,,SM Curran,31,Indian Premier League
1359506,2023,2023-04-23,Bengaluru,"M Chinnaswamy Stadium, Bengaluru",Royal Challengers Bangalore,Rajasthan Royals,Rajasthan Royals,field,Royal Challengers Bangalore,7,,,,,GJ Maxwell,32,Indian Premier League
1359507,2023,2023-04-23,Kolkata,"Eden Gardens, Kolkata",Chennai Super Kings,Kolkata Knight Riders,Kolkata Knight Riders,field,Chennai Super Kings,49,,,,,AM Rahane,33,Indian Premier League
1359508,2023,2023-04-24,Hyderabad,"Rajiv Gandhi International Stadium, Uppal, Hyderabad",Delhi Capitals,Sunrisers Hyderabad,Delhi Capitals,bat,Delhi Capitals,7,,,,,AR Patel,34,Indian Premier League
1359509,2023,2023-04-25,Ahmedabad,"Narendra Modi Stadium, Ahmedabad",Gujarat Titans,Mumbai Indians,Mumbai Indians,field,Gujarat Titans,55,,,,,A Manohar,35,Indian Premier League
1359510,2023,2023-04-26,Bengaluru,"M Chinnaswamy Stadium, Bengaluru",Kolkata Knight Riders,Royal Challengers Bangalore,Royal Challengers Bangalore,field,Kolkata Knight Riders,21,,,,,CV Varun,36,Indian Premier League
1359511,2023,2023-04-27,Jaipur,"Sawai Mansingh Stadium, Jaipur",Rajasthan Royals,Chennai Super Kings,Rajasthan Royals,bat,Rajasthan Royals,32,,,,,YBK Jaiswal,37,Indian Premier League
1359512,2023,2023-04-28,Chandigarh,"Punjab Cricket Association IS Bindra Stadium, Mohali, Chandigarh",Lucknow Super Giants,Punjab Kings,Punjab Kings,field,Lucknow Super Giants,56,,,,,MP Stoinis,38,Indian Premier League
1359513,2023,2023-04-29,Kolkata,"Eden Gardens, Kolkata",Kolkata Knight Riders,Gujarat Titans,Gujarat Titans,field,Gujarat Titans,,7,,,,J Little,39,Indian Premier League
1359514,2023,2023-04-29,Delhi,"Arun Jaitley Stadium, Delhi",Sunrisers Hyderabad,Delhi Capitals,Sunrisers Hyderabad,bat,Sunrisers Hyderabad,9,,,,,MR Marsh,40,Indian Premier League
1359516,2023,2023-04-30,Mumbai,"Wankhede Stadium, Mumbai",Rajasthan Royals,Mumbai Indians,Rajasthan Royals,bat,Mumbai Indians,,6,,,,YBK Jaiswal,42,Indian Premier League
1359515,2023,2023-04-30,Chennai,"MA Chidambaram Stadium, Chepauk, Chennai",Chennai Super Kings,Punjab Kings,Chennai Super Kings,bat,Punjab Kings,,4,,,,DP Conway,41,Indian Premier League
1359517,2023,2023-05-01,Lucknow,"Bharat Ratna Shri Atal Bihari Vajpayee Ekana Cricket Stadium, Lucknow",Royal Challengers Bangalore,Lucknow Super Giants,Royal Challengers Bangalore,bat,Royal Challengers Bangalore,18,,,,,F du Plessis,43,Indian Premier League
1359518,2023,2023-05-02,Ahmedabad,"Narendra Modi Stadium, Ahmedabad",Delhi Capitals,Gujarat Titans,Delhi Capitals,bat,Delhi Capitals,5,,,,,Mohammed Shami,44,Indian Premier League
1359519,2023,2023-05-03,Lucknow,"Bharat Ratna Shri Atal Bihari Vajpayee Ekana Cricket Stadium, Lucknow",Lucknow Super Giants,Chennai Super Kings,Chennai Super Kings,field,,,,no result,,,,45,Indian Premier League
1359520,2023,2023-05-03,Chandigarh,"Punjab Cricket Association IS Bindra Stadium, Mohali, Chandigarh",Punjab Kings,Mumbai Indians,Mumbai Indians,field,Mumbai Indians,,6,,,,Ishan Kishan,46,Indian Premier League
1359521,2023,2023-05-04,Hyderabad,"Rajiv Gandhi International Stadium, Uppal, Hyderabad",Kolkata Knight Riders,Sunrisers Hyderabad,Kolkata Knight Riders,bat,Kolkata Knight Riders,5,,,,,CV Varun,47,Indian Premier League
1359522,2023,2023-05-05,Jaipur,"Sawai Mansingh Stadium, Jaipur",Rajasthan Royals,Gujarat Titans,Rajasthan Royals,bat,Gujarat Titans,,9,,,,Rashid Khan,48,Indian Premier League
1359523,2023,2023-05-06,Chennai,"MA Chidambaram Stadium, Chepauk, Chennai",Mumbai Indians,Chennai Super Kings,Chennai Super Kings,field,Chennai Super Kings,,6,,,,M Pathirana,49,Indian Premier League
1359524,2023,2023-05-06,Delhi,"Arun Jaitley Stadium, Delhi",Royal Challengers Bangalore,Delhi Capitals,Royal Challengers Bangalore,bat,Delhi Capitals,,7,,,,PD Salt,50,Indian Premier League
1359525,2023,2023-05-07,Ahmedabad,"Narendra Modi Stadium, Ahmedabad",Gujarat Titans,Lucknow Super Giants,Lucknow Super Giants,field,Gujarat Titans,56,,,,,Shubman Gill,51,Indian Premier League
1359526,2023,2023-05-07,Jaipur,"Sawai Mansingh Stadium, Jaipur",Rajasthan Royals,Sunrisers Hyderabad,Rajasthan Royals,bat,Sunrisers Hyderabad,,4,,,,GD Phillips,52,Indian Premier League
1359527,2023,2023-05-08,Kolkata,"Eden Gardens, Kolkata",Punjab Kings,Kolkata Knight Riders,Punjab Kings,bat,Kolkata Knight Riders,,5,,,,AD Russell,53,Indian Premier League
1359528,2023,2023-05-09,Mumbai,"Wankhede Stadium, Mumbai",Royal Challengers Bangalore,Mumbai Indians,Mumbai Indians,field,Mumbai Indians,,6,,,,SA Yadav,54,Indian Premier League
1359529,2023,2023-05-10,Chennai,"MA Chidambaram Stadium, Chepauk, Chennai",Chennai Super Kings,Delhi Capitals,Chennai Super Kings,bat,Chennai Super Kings,27,,,,,RA Jadeja,55,Indian Premier League
1359530,2023,2023-05-11,Kolkata,"Eden Gardens, Kolkata",Kolkata Knight Riders,Rajasthan Royals,Rajasthan Royals,field,Rajasthan Royals,,9,,,,YBK Jaiswal,56,Indian Premier League
1359531,2023,2023-05-12,Mumbai,"Wankhede Stadium, Mumbai",Mumbai Indians,Gujarat Titans,Gujarat Titans,field,Mumbai Indians,27,,,,,SA Yadav,57,Indian Premier League
1359532,2023,2023-05-13,Hyderabad,"Rajiv Gandhi International Stadium, Uppal, Hyderabad",Sunrisers Hyderabad,Lucknow Super Giants,Sunrisers Hyderabad,bat,Lucknow Super Giants,,7,,,,PN Mankad,58,Indian Premier League
1359533,2023,2023-05-13,Delhi,"Arun Jaitley Stadium, Delhi",Punjab Kings,Delhi Capitals,Delhi Capitals,field,Punjab Kings,31,,,,,P Simran Singh,59,Indian Premier League
1359534,2023,2023-05-14,Jaipur,"Sawai Mansingh Stadium, Jaipur",Royal Challengers Bangalore,Rajasthan Royals,Royal Challengers Bangalore,bat,Royal Challengers Bangalore,112,,,,,WD Parnell,60,Indian Premier League
1359535,2023,2023-05-14,Chennai,"MA Chidambaram Stadium, Chepauk, Chennai",Chennai Super Kings,Kolkata Knight Riders,Chennai Super Kings,bat,Kolkata Knight Riders,,6,,,,RK Singh,61,Indian Premier League
1359536,2023,2023-05-15,Ahmedabad,"Narendra Modi Stadium, Ahmedabad",Gujarat Titans,Sunrisers Hyderabad,Sunrisers Hyderabad,field,Gujarat Titans,34,,,,,Shubman Gill,62,Indian Premier League
1359537,2023,2023-05-16,Lucknow,"Bharat Ratna Shri Atal Bihari Vajpayee Ekana Cricket Stadium, Lucknow",Lucknow Super Giants,Mumbai Indians,Mumbai Indians,field,Lucknow Super Giants,5,,,,,MP Stoinis,63,Indian Premier League
1359538,2023,2023-05-17,Dharamsala,"Himachal Pradesh Cricket Association Stadium, Dharamsala",Delhi Capitals,Punjab Kings,Punjab Kings,field,Delhi Capitals,15,,,,,RR Rossouw,64,Indian Premier League
1359539,2023,2023-05-18,Hyderabad,"Rajiv Gandhi International Stadium, Uppal, Hyderabad",Sunrisers Hyderabad,Royal Challengers Bangalore,Royal Challengers Bangalore,field,Royal Challengers Bangalore,,8,,,,V Kohli,65,Indian Premier League
1359540,2023,2023-05-19,Dharamsala,"Himachal Pradesh Cricket Association Stadium, Dharamsala",Punjab Kings,Rajasthan Royals,Rajasthan Royals,field,Rajasthan Royals,,4,,,,D Padikkal,66,Indian Premier League
1359542,2023,2023-05-20,Kolkata,"Eden Gardens, Kolkata",Lucknow Super Giants,Kolkata Knight Riders,Kolkata Knight Riders,field,Lucknow Super Giants,1,,,,,N Pooran,68,Indian Premier League
1359541,2023,2023-05-20,Delhi,"Arun Jaitley Stadium, Delhi",Chennai Super Kings,Delhi Capitals,Chennai Super Kings,bat,Chennai Super Kings,77,,,,,RD Gaikwad,67,Indian Premier League
1359543,2023,2023-05-21,Mumbai,"Wankhede Stadium, Mumbai",Sunrisers Hyderabad,Mumbai Indians,Mumbai Indians,field,Mumbai Indians,,8,,,,C Green,69,Indian Premier League
1359544,2023,2023-05-21,Bengaluru,"M Chinnaswamy Stadium, Bengaluru",Royal Challengers Bangalore,Gujarat Titans,Gujarat Titans,field,Gujarat Titans,,6,,,,Shubman Gill,70,Indian Premier League
1370350,2023,2023-05-23,Chennai,"MA Chidambaram Stadium, Chepauk, Chennai",Chennai Super Kings,Gujarat Titans,Gujarat Titans,field,Chennai Super Kings,15,,,,,RD Gaikwad,,Indian Premier League
1370351,2023,2023-05-24,Chennai,"MA Chidambaram Stadium, Chepauk, Chennai",Mumbai Indians,Lucknow Super Giants,Mumbai Indians,bat,Mumbai Indians,81,,,,,Akash Madhwal,,Indian Premier League
1370352,2023,2023-05-26,Ahmedabad,"Narendra Modi Stadium, Ahmedabad",Gujarat Titans,Mumbai Indians,Mumbai Indians,field,Gujarat Titans,62,,,,,Shubman Gill,,Indian Premier League
1370353,2023,2023-05-29,Ahmedabad,"Narendra Modi Stadium, Ahmedabad",Gujarat Titans,Chennai Super Kings,Chennai Super Kings,field,Chennai Super Kings,,5,,D/L,,DP Conway,,Indian Premier League
1422119,2024,2024-03-22,Chennai,"MA Chidambaram Stadium, Chepauk, Chennai",Royal Challengers Bengaluru,Chennai Super Kings,Royal Challengers Bengaluru,bat,Chennai Super Kings,,6,,,,Mustafizur Rahman,1,Indian Premier League
1422120,2024,2024-03-23,Mohali,"Maharaja Yadavindra Singh International Cricket Stadium, Mullanpur",Delhi Capitals,Punjab Kings,Punjab Kings,field,Punjab Kings,,4,,,,SM Curran,2,Indian Premier League
1422121,2024,2024-03-23,Kolkata,"Eden Gardens, Kolkata",Kolkata Knight Riders,Sunrisers Hyderabad,Sunrisers Hyderabad,field,Kolkata Knight Riders,4,,,,,AD Russell,3,Indian Premier League
1422122,2024,2024-03-24,Jaipur,"Sawai Mansingh Stadium, Jaipur",Rajasthan Royals,Lucknow Super Giants,Rajasthan Royals,bat,Rajasthan Royals,20,,,,,SV Samson,4,Indian Premier League
1422123,2024,2024-03-24,Ahmedabad,"Narendra Modi Stadium, Ahmedabad",Gujarat Titans,Mumbai Indians,Mumbai Indians,field,Gujarat Titans,6,,,,,B Sai Sudharsan,5,Indian Premier League
1422124,2024,2024-03-25,Bengaluru,"M Chinnaswamy Stadium, Bengaluru",Punjab Kings,Royal Challengers Bengaluru,Royal Challengers Bengaluru,field,Royal Challengers Bengaluru,,4,,,,V Kohli,6,Indian Premier League
1422125,2024,2024-03-26,Chennai,"MA Chidambaram Stadium, Chepauk, Chennai",Chennai Super Kings,Gujarat Titans,Gujarat Titans,field,Chennai Super Kings,63,,,,,S Dube,7,Indian Premier League
1422126,2024,2024-03-27,Hyderabad,"Rajiv Gandhi International Stadium, Uppal, Hyderabad",Sunrisers Hyderabad,Mumbai Indians,Mumbai Indians,field,Sunrisers Hyderabad,31,,,,,Abhishek Sharma,8,Indian Premier League
1422127,2024,2024-03-28,Jaipur,"Sawai Mansingh Stadium, Jaipur",Rajasthan Royals,Delhi Capitals,Delhi Capitals,field,Rajasthan Royals,12,,,,,R Parag,9,Indian Premier League
1422128,2024,2024-03-29,Bengaluru,"M Chinnaswamy Stadium, Bengaluru",Royal Challengers Bengaluru,Kolkata Knight Riders,Kolkata Knight Riders,field,Kolkata Knight Riders,,7,,,,SP Narine,10,Indian Premier League
1422129,2024,2024-03-30,Lucknow,"Bharat Ratna Shri Atal Bihari Vajpayee Ekana Cricket Stadium, Lucknow",Lucknow Super Giants,Punjab Kings,Lucknow Super Giants,bat,Lucknow Super Giants,21,,,,,MP Yadav,11,Indian Premier League
1422131,2024,2024-03-31,Visakhapatnam,"Dr. Y.S. Rajasekhara Reddy ACA-VDCA Cricket Stadium, Visakhapatnam",Delhi Capitals,Chennai Super Kings,Delhi Capitals,bat,Delhi Capitals,20,,,,,KK Ahmed,13,Indian Premier League
1422130,2024,2024-03-31,Ahmedabad,"Narendra Modi Stadium, Ahmedabad",Sunrisers Hyderabad,Gujarat Titans,Sunrisers Hyderabad,bat,Gujarat Titans,,7,,,,MM Sharma,12,Indian Premier League
1422132,2024,2024-04-01,Mumbai,"Wankhede Stadium, Mumbai",Mumbai Indians,Rajasthan Royals,Rajasthan Royals,field,Rajasthan Royals,,6,,,,TA Boult,14,Indian Premier League
1422133,2024,2024-04-02,Bengaluru,"M Chinnaswamy Stadium, Bengaluru",Lucknow Super Giants,Royal Challengers Bengaluru,Royal Challengers Bengaluru,field,Lucknow Super Giants,28,,,,,MP Yadav,15,Indian Premier League
1422134,2024,2024-04-03,Visakhapatnam,"Dr. Y.S. Rajasekhara Reddy ACA-VDCA Cricket Stadium, Visakhapatnam",Kolkata Knight Riders,Delhi Capitals,Kolkata Knight Riders,bat,Kolkata Knight Riders,106,,,,,SP Narine,16,Indian Premier League
1422135,2024,2024-04-04,Ahmedabad,"Narendra Modi Stadium, Ahmedabad",Gujarat Titans,Punjab Kings,Punjab Kings,field,Punjab Kings,,3,,,,Shashank Singh,17,Indian Premier League
1422136,2024,2024-04-05,Hyderabad,"Rajiv Gandhi International Stadium, Uppal, Hyderabad",Chennai Super Kings,Sunrisers Hyderabad,Sunrisers Hyderabad,field,Sunrisers Hyderabad,,6,,,,Abhishek Sharma,18,Indian Premier League
1422137,2024,2024-04-06,Jaipur,"Sawai Mansingh Stadium, Jaipur",Royal Challengers Bengaluru,Rajasthan Royals,Rajasthan Royals,field,Rajasthan Royals,,6,,,,JC Buttler,19,Indian Premier League
1422139,2024,2024-04-07,Lucknow,"Bharat Ratna Shri Atal Bihari Vajpayee Ekana Cricket Stadium, Lucknow",Lucknow Super Giants,Gujarat Titans,Lucknow Super Giants,bat,Lucknow Super Giants,33,,,,,Yash Thakur,21,Indian Premier League
1422138,2024,2024-04-07,Mumbai,"Wankhede Stadium, Mumbai",Mumbai Indians,Delhi Capitals,Delhi Capitals,field,Mumbai Indians,29,,,,,R Shepherd,20,Indian Premier League
1426260,2024,2024-04-08,Chennai,"MA Chidambaram Stadium, Chepauk, Chennai",Kolkata Knight Riders,Chennai Super Kings,Chennai Super Kings,field,Chennai Super Kings,,7,,,,RA Jadeja,22,Indian Premier League
1426261,2024,2024-04-09,Mohali,"Maharaja Yadavindra Singh International Cricket Stadium, Mullanpur",Sunrisers Hyderabad,Punjab Kings,Punjab Kings,field,Sunrisers Hyderabad,2,,,,,Nithish Kumar Reddy,23,Indian Premier League
1426262,2024,2024-04-10,Jaipur,"Sawai Mansingh Stadium, Jaipur",Rajasthan Royals,Gujarat Titans,Gujarat Titans,field,Gujarat Titans,,3,,,,Rashid Khan,24,Indian Premier League
1426263,2024,2024-04-11,Mumbai,"Wankhede Stadium, Mumbai",Royal Challengers Bengaluru,Mumbai Indians,Mumbai Indians,field,Mumbai Indians,,7,,,,JJ Bumrah,25,Indian Premier League
1426264,2024,2024-04-12,Lucknow,"Bharat Ratna Shri Atal Bihari Vajpayee Ekana Cricket Stadium, Lucknow",Lucknow Super Giants,Delhi Capitals,Lucknow Super Giants,bat,Delhi Capitals,,6,,,,Kuldeep Yadav,26,Indian Premier League
1426265,2024,2024-04-13,Mohali,"Maharaja Yadavindra Singh International Cricket Stadium, Mullanpur",Punjab Kings,Rajasthan Royals,Rajasthan Royals,field,Rajasthan Royals,,3,,,,SO Hetmyer,27,Indian Premier League
1426266,2024,2024-04-14,Kolkata,"Eden Gardens, Kolkata",Lucknow Super Giants,Kolkata Knight Riders,Kolkata Knight Riders,field,Kolkata Knight Riders,,8,,,,PD Salt,28,Indian Premier League
1426267,2024,2024-04-14,Mumbai,"Wankhede Stadium, Mumbai",Chennai Super Kings,Mumbai Indians,Mumbai Indians,field,Chennai Super Kings,20,,,,,M Pathirana,29,Indian Premier League
1426268,2024,2024-04-15,Bengaluru,"M Chinnaswamy Stadium, Bengaluru",Sunrisers Hyderabad,Royal Challengers Bengaluru,Royal Challengers Bengaluru,field,Sunrisers Hyderabad,25,,,,,TM Head,30,Indian Premier League
1426269,2024,2024-04-16,Kolkata,"Eden Gardens, Kolkata",Kolkata Knight Riders,Rajasthan Royals,Rajasthan Royals,field,Rajasthan Royals,,2,,,,JC Buttler,31,Indian Premier League
1426270,2024,2024-04-17,Ahmedabad,"Narendra Modi Stadium, Ahmedabad",Gujarat Titans,Delhi Capitals,Delhi Capitals,field,Delhi Capitals,,6,,,,RR Pant,32,Indian Premier League
1426271,2024,2024-04-18,Mohali,"Maharaja Yadavindra Singh International Cricket Stadium, Mullanpur",Mumbai Indians,Punjab Kings,Punjab Kings,field,Mumbai Indians,9,,,,,JJ Bumrah,33,Indian Premier League
1426272,2024,2024-04-19,Lucknow,"Bharat Ratna Shri Atal Bihari Vajpayee Ekana Cricket Stadium, Lucknow",Chennai Super Kings,Lucknow Super Giants,Lucknow Super Giants,field,Lucknow Super Giants,,8,,,,KL Rahul,34,Indian Premier League
1426273,2024,2024-04-20,Delhi,"Arun Jaitley Stadium, Delhi",Sunrisers Hyderabad,Delhi Capitals,Delhi Capitals,field,Sunrisers Hyderabad,67,,,,,TM Head,35,Indian Premier League
1426275,2024,2024-04-21,Mohali,"Maharaja Yadavindra Singh International Cricket Stadium, Mullanpur",Punjab Kings,Gujarat Titans,Punjab Kings,bat,Gujarat Titans,,3,,,,R Sai Kishore,37,Indian Premier League
1426274,2024,2024-04-21,Kolkata,"Eden Gardens, Kolkata",Kolkata Knight Riders,Royal Challengers Bengaluru,Royal Challengers Bengaluru,field,Kolkata Knight Riders,1,,,,,AD Russell,36,Indian Premier League
1426276,2024,2024-04-22,Jaipur,"Sawai Mansingh Stadium, Jaipur",Mumbai Indians,Rajasthan Royals,Mumbai Indians,bat,Rajasthan Royals,,9,,,,Sandeep Sharma,38,Indian Premier League
1426277,2024,2024-04-23,Chennai,"MA Chidambaram Stadium, Chepauk, Chennai",Chennai Super Kings,Lucknow Super Giants,Lucknow Super Giants,field,Lucknow Super Giants,,6,,,,MP Stoinis,39,Indian Premier League
1426278,2024,2024-04-24,Delhi,"Arun Jaitley Stadium, Delhi",Delhi Capitals,Gujarat Titans,Gujarat Titans,field,Delhi Capitals,4,,,,,RR Pant,40,Indian Premier League
1426279,2024,2024-04-25,Hyderabad,"Rajiv Gandhi International Stadium, Uppal, Hyderabad",Royal Challengers Bengaluru,Sunrisers Hyderabad,Royal Challengers Bengaluru,bat,Royal Challengers Bengaluru,35,,,,,RM Patidar,41,Indian Premier League
1426280,2024,2024-04-26,Kolkata,"Eden Gardens, Kolkata",Kolkata Knight Riders,Punjab Kings,Punjab Kings,field,Punjab Kings,,8,,,,JM Bairstow,42,Indian Premier League
1426282,2024,2024-04-27,Lucknow,"Bharat Ratna Shri Atal Bihari Vajpayee Ekana Cricket Stadium, Lucknow",Lucknow Super Giants,Rajasthan Royals,Rajasthan Royals,field,Rajasthan Royals,,7,,,,SV Samson,44,Indian Premier League
1426281,2024,2024-04-27,Delhi,"Arun Jaitley Stadium, Delhi",Delhi Capitals,Mumbai Indians,Mumbai Indians,field,Delhi Capitals,10,,,,,J Fraser-McGurk,43,Indian Premier League
1426283,2024,2024-04-28,Ahmedabad,"Narendra Modi Stadium, Ahmedabad",Gujarat Titans,Royal Challengers Bengaluru,Royal Challengers Bengaluru,field,Royal Challengers Bengaluru,,9,,,,WG Jacks,45,Indian Premier League
1426284,2024,2024-04-28,Chennai,"MA Chidambaram Stadium, Chepauk, Chennai",Chennai Super Kings,Sunrisers Hyderabad,Sunrisers Hyderabad,field,Chennai Super Kings,78,,,,,RD Gaikwad,46,Indian Premier League
1426285,2024,2024-04-29,Kolkata,"Eden Gardens, Kolkata",Delhi Capitals,Kolkata Knight Riders,Delhi Capitals,bat,Kolkata Knight Riders,,7,,,,CV Varun,47,Indian Premier League
1426286,2024,2024-04-30,Lucknow,"Bharat Ratna Shri Atal Bihari Vajpayee Ekana Cricket Stadium, Lucknow",Mumbai Indians,Lucknow Super Giants,Lucknow Super Giants,field,Lucknow Super Giants,,4,,,,MP Stoinis,48,Indian Premier League
1426287,2024,2024-05-01,Chennai,"MA Chidambaram Stadium, Chepauk, Chennai",Chennai Super Kings,Punjab Kings,Punjab Kings,field,Punjab Kings,,7,,,,Harpreet Brar,49,Indian Premier League
1426288,2024,2024-05-02,Hyderabad,"Rajiv Gandhi International Stadium, Uppal, Hyderabad",Sunrisers Hyderabad,Rajasthan Royals,Sunrisers Hyderabad,bat,Sunrisers Hyderabad,1,,,,,B Kumar,50,Indian Premier League
1426289,2024,2024-05-03,Mumbai,"Wankhede Stadium, Mumbai",Kolkata Knight Riders,Mumbai Indians,Mumbai Indians,field,Kolkata Knight Riders,24,,,,,VR Iyer,51,Indian Premier League
1426290,2024,2024-05-04,Bengaluru,"M Chinnaswamy Stadium, Bengaluru",Gujarat Titans,Royal Challengers Bengaluru,Royal Challengers Bengaluru,field,Royal Challengers Bengaluru,,4,,,,Mohammed Siraj,52,Indian Premier League
1426292,2024,2024-05-05,Lucknow,"Bharat Ratna Shri Atal Bihari Vajpayee Ekana Cricket Stadium, Lucknow",Kolkata Knight Riders,Lucknow Super Giants,Lucknow Super Giants,field,Kolkata Knight Riders,98,,,,,SP Narine,54,Indian Premier League
1426291,2024,2024-05-05,Dharamsala,"Himachal Pradesh Cricket Association Stadium, Dharamsala",Chennai Super Kings,Punjab Kings,Punjab Kings,field,Chennai Super Kings,28,,,,,RA Jadeja,53,Indian Premier League
1426293,2024,2024-05-06,Mumbai,"Wankhede Stadium, Mumbai",Sunrisers Hyderabad,Mumbai Indians,Mumbai Indians,field,Mumbai Indians,,7,,,,SA Yadav,55,Indian Premier League
1426294,2024,2024-05-07,Delhi,"Arun Jaitley Stadium, Delhi",Delhi Capitals,Rajasthan Royals,Rajasthan Royals,field,Delhi Capitals,20,,,,,Kuldeep Yadav,56,Indian Premier League
1426295,2024,2024-05-08,Hyderabad,"Rajiv Gandhi International Stadium, Uppal, Hyderabad",Lucknow Super Giants,Sunrisers Hyderabad,Lucknow Super Giants,bat,Sunrisers Hyderabad,,10,,,,TM Head,57,Indian Premier League
1426296,2024,2024-05-09,Dharamsala,"Himachal Pradesh Cricket Association Stadium, Dharamsala",Royal Challengers Bengaluru,Punjab Kings,Punjab Kings,field,Royal Challengers Bengaluru,60,,,,,V Kohli,58,Indian Premier League
1426297,2024,2024-05-10,Ahmedabad,"Narendra Modi Stadium, Ahmedabad",Gujarat Titans,Chennai Super Kings,Chennai Super Kings,field,Gujarat Titans,35,,,,,Shubman Gill,59,Indian Premier League
1426298,2024,2024-05-11,Kolkata,"Eden Gardens, Kolkata",Kolkata Knight Riders,Mumbai Indians,Mumbai Indians,field,Kolkata Knight Riders,18,,,,,CV Varun,60,Indian Premier League
1426299,2024,2024-05-12,Chennai,"MA Chidambaram Stadium, Chepauk, Chennai",Rajasthan Royals,Chennai Super Kings,Rajasthan Royals,bat,Chennai Super Kings,,5,,,,Simarjeet Singh,61,Indian Premier League
1426300,2024,2024-05-12,Bengaluru,"M Chinnaswamy Stadium, Bengaluru",Royal Challengers Bengaluru,Delhi Capitals,Delhi Capitals,field,Royal Challengers Bengaluru,47,,,,,C Green,62,Indian Premier League
1426302,2024,2024-05-14,Delhi,"Arun Jaitley Stadium, Delhi",Delhi Capitals,Lucknow Super Giants,Lucknow Super Giants,field,Delhi Capitals,19,,,,,I Sharma,64,Indian Premier League
1426303,2024,2024-05-15,Guwahati,"Barsapara Cricket Stadium, Guwahati",Rajasthan Royals,Punjab Kings,Rajasthan Royals,bat,Punjab Kings,,5,,,,SM Curran,65,Indian Premier League
1426305,2024,2024-05-17,Mumbai,"Wankhede Stadium, Mumbai",Lucknow Super Giants,Mumbai Indians,Mumbai Indians,field,Lucknow Super Giants,18,,,,,N Pooran,67,Indian Premier League
1426306,2024,2024-05-18,Bengaluru,"M Chinnaswamy Stadium, Bengaluru",Royal Challengers Bengaluru,Chennai Super Kings,Chennai Super Kings,field,Royal Challengers Bengaluru,27,,,,,F du Plessis,68,Indian Premier League
1426307,2024,2024-05-19,Hyderabad,"Rajiv Gandhi International Stadium, Uppal, Hyderabad",Punjab Kings,Sunrisers Hyderabad,Punjab Kings,bat,Sunrisers Hyderabad,,4,,,,Abhishek Sharma,69,Indian Premier League
1426309,2024,2024-05-21,Ahmedabad,"Narendra Modi Stadium, Ahmedabad",Sunrisers Hyderabad,Kolkata Knight Riders,Sunrisers Hyderabad,bat,Kolkata Knight Riders,,8,,,,MA Starc,,Indian Premier League
1426310,2024,2024-05-22,Ahmedabad,"Narendra Modi Stadium, Ahmedabad",Royal Challengers Bengaluru,Rajasthan Royals,Rajasthan Royals,field,Rajasthan Royals,,4,,,,R Ashwin,,Indian Premier League
1426311,2024,2024-05-24,Chennai,"MA Chidambaram Stadium, Chepauk, Chennai",Sunrisers Hyderabad,Rajasthan Royals,Rajasthan Royals,field,Sunrisers Hyderabad,36,,,,,Shahbaz Ahmed,,Indian Premier League
1426312,2024,2024-05-26,Chennai,"MA Chidambaram Stadium, Chepauk, Chennai",Sunrisers Hyderabad,Kolkata Knight Riders,Sunrisers Hyderabad,bat,Kolkata Knight Riders,,8,,,,MA Starc,,Indian Premier League
1473438,2025,2025-03-22,Kolkata,"Eden Gardens, Kolkata",Kolkata Knight Riders,Royal Challengers Bengaluru,Royal Challengers Bengaluru,field,Royal Challengers Bengaluru,,7,,,,KH Pandya,1,Indian Premier League
1473439,2025,2025-03-23,Hyderabad,"Rajiv Gandhi International Stadium, Uppal, Hyderabad",Sunrisers Hyderabad,Rajasthan Royals,Rajasthan Royals,field,Sunrisers Hyderabad,44,,,,,Ishan Kishan,2,Indian Premier League
1473440,2025,2025-03-23,Chennai,"MA Chidambaram Stadium, Chepauk, Chennai",Mumbai Indians,Chennai Super Kings,Chennai Super Kings,field,Chennai Super Kings,,4,,,,Noor Ahmad,3,Indian Premier League
1473441,2025,2025-03-24,Visakhapatnam,"Dr. Y.S. Rajasekhara Reddy ACA-VDCA Cricket Stadium, Visakhapatnam",Lucknow Super Giants,Delhi Capitals,Delhi Capitals,field,Delhi Capitals,,1,,,,Ashutosh Sharma,4,Indian Premier League
1473442,2025,2025-03-25,Ahmedabad,"Narendra Modi Stadium, Ahmedabad",Punjab Kings,Gujarat Titans,Gujarat Titans,field,Punjab Kings,11,,,,,SS Iyer,5,Indian Premier League
1473443,2025,2025-03-26,Guwahati,"Barsapara Cricket Stadium, Guwahati",Rajasthan Royals,Kolkata Knight Riders,Kolkata Knight Riders,field,Kolkata Knight Riders,,8,,,,Q de Kock,6,Indian Premier League
1473444,2025,2025-03-27,Hyderabad,"Rajiv Gandhi International Stadium, Uppal, Hyderabad",Sunrisers Hyderabad,Lucknow Super Giants,Lucknow Super Giants,field,Lucknow Super Giants,,5,,,,SN Thakur,7,Indian Premier League
1473445,2025,2025-03-28,Chennai,"MA Chidambaram Stadium, Chepauk, Chennai",Royal Challengers Bengaluru,Chennai Super Kings,Chennai Super Kings,field,Royal Challengers Bengaluru,50,,,,,RM Patidar,8,Indian Premier League
1473446,2025,2025-03-29,Ahmedabad,"Narendra Modi Stadium, Ahmedabad",Gujarat Titans,Mumbai Indians,Mumbai Indians,field,Gujarat Titans,36,,,,,M Prasidh Krishna,9,Indian Premier League
1473448,2025,2025-03-30,Guwahati,"Barsapara Cricket Stadium, Guwahati",Rajasthan Royals,Chennai Super Kings,Chennai Super Kings,field,Rajasthan Royals,6,,,,,N Rana,11,Indian Premier League
1473447,2025,2025-03-30,Visakhapatnam,"Dr. Y.S. Rajasekhara Reddy ACA-VDCA Cricket Stadium, Visakhapatnam",Sunrisers Hyderabad,Delhi Capitals,Sunrisers Hyderabad,bat,Delhi Capitals,,7,,,,MA Starc,10,Indian Premier League
1473449,2025,2025-03-31,Mumbai,"Wankhede Stadium, Mumbai",Kolkata Knight Riders,Mumbai Indians,Mumbai Indians,field,Mumbai Indians,,8,,,,Ashwani Kumar,12,Indian Premier League
1473450,2025,2025-04-01,Lucknow,"Bharat Ratna Shri Atal Bihari Vajpayee Ekana Cricket Stadium, Lucknow",Lucknow Super Giants,Punjab Kings,Punjab Kings,field,Punjab Kings,,8,,,,P Simran Singh,13,Indian Premier League
1473451,2025,2025-04-02,Bengaluru,"M Chinnaswamy Stadium, Bengaluru",Royal Challengers Bengaluru,Gujarat Titans,Gujarat Titans,field,Gujarat Titans,,8,,,,Mohammed Siraj,14,Indian Premier League
1473452,2025,2025-04-03,Kolkata,"Eden Gardens, Kolkata",Kolkata Knight Riders,Sunrisers Hyderabad,Sunrisers Hyderabad,field,Kolkata Knight Riders,80,,,,,VG Arora,15,Indian Premier League
1473453,2025,2025-04-04,Lucknow,"Bharat Ratna Shri Atal Bihari Vajpayee Ekana Cricket Stadium, Lucknow",Lucknow Super Giants,Mumbai Indians,Mumbai Indians,field,Lucknow Super Giants,12,,,,,DS Rathi,16,Indian Premier League
1473454,2025,2025-04-05,Chennai,"MA Chidambaram Stadium, Chepauk, Chennai",Delhi Capitals,Chennai Super Kings,Delhi Capitals,bat,Delhi Capitals,25,,,,,KL Rahul,17,Indian Premier League
1473455,2025,2025-04-05,Mohali,"Maharaja Yadavindra Singh International Cricket Stadium, Mullanpur",Rajasthan Royals,Punjab Kings,Punjab Kings,field,Rajasthan Royals,50,,,,,JC Archer,18,Indian Premier League
1473457,2025,2025-04-06,Hyderabad,"Rajiv Gandhi International Stadium, Uppal, Hyderabad",Sunrisers Hyderabad,Gujarat Titans,Gujarat Titans,field,Gujarat Titans,,7,,,,Mohammed Siraj,19,Indian Premier League
1473458,2025,2025-04-07,Mumbai,"Wankhede Stadium, Mumbai",Royal Challengers Bengaluru,Mumbai Indians,Mumbai Indians,field,Royal Challengers Bengaluru,12,,,,,RM Patidar,20,Indian Premier League
1473456,2025,2025-04-08,Kolkata,"Eden Gardens, Kolkata",Lucknow Super Giants,Kolkata Knight Riders,Kolkata Knight Riders,field,Lucknow Super Giants,4,,,,,N Pooran,21,Indian Premier League
1473459,2025,2025-04-08,Mohali,"Maharaja Yadavindra Singh International Cricket Stadium, Mullanpur",Punjab Kings,Chennai Super Kings,Punjab Kings,bat,Punjab Kings,18,,,,,Priyansh Arya,22,Indian Premier League
1473460,2025,2025-04-09,Ahmedabad,"Narendra Modi Stadium, Ahmedabad",Gujarat Titans,Rajasthan Royals,Rajasthan Royals,field,Gujarat Titans,58,,,,,B Sai Sudharsan,23,Indian Premier League
1473461,2025,2025-04-10,Bengaluru,"M Chinnaswamy Stadium, Bengaluru",Royal Challengers Bengaluru,Delhi Capitals,Delhi Capitals,field,Delhi Capitals,,6,,,,KL Rahul,24,Indian Premier League
1473462,2025,2025-04-11,Chennai,"MA Chidambaram Stadium, Chepauk, Chennai",Chennai Super Kings,Kolkata Knight Riders,Kolkata Knight Riders,field,Kolkata Knight Riders,,8,,,,SP Narine,25,Indian Premier League
1473463,2025,2025-04-12,Lucknow,"Bharat Ratna Shri Atal Bihari Vajpayee Ekana Cricket Stadium, Lucknow",Gujarat Titans,Lucknow Super Giants,Lucknow Super Giants,field,Lucknow Super Giants,,6,,,,AK Markram,26,Indian Premier League
1473464,2025,2025-04-12,Hyderabad,"Rajiv Gandhi International Stadium, Uppal, Hyderabad",Punjab Kings,Sunrisers Hyderabad,Punjab Kings,bat,Sunrisers Hyderabad,,8,,,,Abhishek Sharma,27,Indian Premier League
1473465,2025,2025-04-13,Jaipur,"Sawai Mansingh Stadium, Jaipur",Rajasthan Royals,Royal Challengers Bengaluru,Royal Challengers Bengaluru,field,Royal Challengers Bengaluru,,9,,,,PD Salt,28,Indian Premier League
1473466,2025,2025-04-13,Delhi,"Arun Jaitley Stadium, Delhi",Mumbai Indians,Delhi Capitals,Delhi Capitals,field,Mumbai Indians,12,,,,,KV Sharma,29,Indian Premier League
1473467,2025,2025-04-14,Lucknow,"Bharat Ratna Shri Atal Bihari Vajpayee Ekana Cricket Stadium, Lucknow",Lucknow Super Giants,Chennai Super Kings,Chennai Super Kings,field,Chennai Super Kings,,5,,,,MS Dhoni,30,Indian Premier League
1473468,2025,2025-04-15,Mohali,"Maharaja Yadavindra Singh International Cricket Stadium, Mullanpur",Punjab Kings,Kolkata Knight Riders,Punjab Kings,bat,Punjab Kings,16,,,,,YS Chahal,31,Indian Premier League
1473469,2025,2025-04-16,Delhi,"Arun Jaitley Stadium, Delhi",Delhi Capitals,Rajasthan Royals,Rajasthan Royals,field,,,,tie,,Delhi Capitals,MA Starc,32,Indian Premier League
1473470,2025,2025-04-17,Mumbai,"Wankhede Stadium, Mumbai",Sunrisers Hyderabad,Mumbai Indians,Mumbai Indians,field,Mumbai Indians,,4,,,,WG Jacks,33,Indian Premier League
1473471,2025,2025-04-18,Bengaluru,"M Chinnaswamy Stadium, Bengaluru",Royal Challengers Bengaluru,Punjab Kings,Punjab Kings,field,Punjab Kings,,5,,,,TH David,34,Indian Premier League
1473473,2025,2025-04-19,Jaipur,"Sawai Mansingh Stadium, Jaipur",Lucknow Super Giants,Rajasthan Royals,Lucknow Super Giants,bat,Lucknow Super Giants,2,,,,,Avesh Khan,36,Indian Premier League
1473472,2025,2025-04-19,Ahmedabad,"Narendra Modi Stadium, Ahmedabad",Delhi Capitals,Gujarat Titans,Gujarat Titans,field,Gujarat Titans,,7,,,,JC Buttler,35,Indian Premier League
1473474,2025,2025-04-20,Mohali,"Maharaja Yadavindra Singh International Cricket Stadium, Mullanpur",Punjab Kings,Royal Challengers Bengaluru,Royal Challengers Bengaluru,field,Royal Challengers Bengaluru,,7,,,,V Kohli,37,Indian Premier League
1473475,2025,2025-04-20,Mumbai,"Wankhede Stadium, Mumbai",Chennai Super Kings,Mumbai Indians,Mumbai Indians,field,Mumbai Indians,,9,,,,RG Sharma,38,Indian Premier League
1473476,2025,2025-04-21,Kolkata,"Eden Gardens, Kolkata",Gujarat Titans,Kolkata Knight Riders,Kolkata Knight Riders,field,Gujarat Titans,39,,,,,Shubman Gill,39,Indian Premier League
1473477,2025,2025-04-22,Lucknow,"Bharat Ratna Shri Atal Bihari Vajpayee Ekana Cricket Stadium, Lucknow",Lucknow Super Giants,Delhi Capitals,Delhi Capitals,field,Delhi Capitals,,8,,,,Mukesh Kumar,40,Indian Premier League
1473478,2025,2025-04-23,Hyderabad,"Rajiv Gandhi International Stadium, Uppal, Hyderabad",Sunrisers Hyderabad,Mumbai Indians,Mumbai Indians,field,Mumbai Indians,,7,,,,TA Boult,41,Indian Premier League
1473479,2025,2025-04-24,Bengaluru,"M Chinnaswamy Stadium, Bengaluru",Royal Challengers Bengaluru,Rajasthan Royals,Rajasthan Royals,field,Royal Challengers Bengaluru,11,,,,,JR Hazlewood,42,Indian Premier League
1473480,2025,2025-04-25,Chennai,"MA Chidambaram Stadium, Chepauk, Chennai",Chennai Super Kings,Sunrisers Hyderabad,Sunrisers Hyderabad,field,Sunrisers Hyderabad,,5,,,,HV Patel,43,Indian Premier League
1473481,2025,2025-04-26,Kolkata,"Eden Gardens, Kolkata",Punjab Kings,Kolkata Knight Riders,Punjab Kings,bat,,,,no result,,,,44,Indian Premier League
1473482,2025,2025-04-27,Mumbai,"Wankhede Stadium, Mumbai",Mumbai Indians,Lucknow Super Giants,Lucknow Super Giants,field,Mumbai Indians,54,,,,,WG Jacks,45,Indian Premier League
1473483,2025,2025-04-27,Delhi,"Arun Jaitley Stadium, Delhi",Delhi Capitals,Royal Challengers Bengaluru,Royal Challengers Bengaluru,field,Royal Challengers Bengaluru,,6,,,,KH Pandya,46,Indian Premier League
1473484,2025,2025-04-28,Jaipur,"Sawai Mansingh Stadium, Jaipur",Gujarat Titans,Rajasthan Royals,Rajasthan Royals,field,Rajasthan Royals,,8,,,,V Suryavanshi,47,Indian Premier League
1473485,2025,2025-04-29,Delhi,"Arun Jaitley Stadium, Delhi",Kolkata Knight Riders,Delhi Capitals,Delhi Capitals,field,Kolkata Knight Riders,14,,,,,SP Narine,48,Indian Premier League
1473486,2025,2025-04-30,Chennai,"MA Chidambaram Stadium, Chepauk, Chennai",Chennai Super Kings,Punjab Kings,Punjab Kings,field,Punjab Kings,,4,,,,SS Iyer,49,Indian Premier League
1473487,2025,2025-05-01,Jaipur,"Sawai Mansingh Stadium, Jaipur",Mumbai Indians,Rajasthan Royals,Rajasthan Royals,field,Mumbai Indians,100,,,,,RD Rickelton,50,Indian Premier League
1473488,2025,2025-05-02,Ahmedabad,"Narendra Modi Stadium, Ahmedabad",Gujarat Titans,Sunrisers Hyderabad,Sunrisers Hyderabad,field,Gujarat Titans,38,,,,,M Prasidh Krishna,51,Indian Premier League
1473489,2025,2025-05-03,Bengaluru,"M Chinnaswamy Stadium, Bengaluru",Royal Challengers Bengaluru,Chennai Super Kings,Chennai Super Kings,field,Royal Challengers Bengaluru,2,,,,,R Shepherd,52,Indian Premier League
1473490,2025,2025-05-04,Kolkata,"Eden Gardens, Kolkata",Kolkata Knight Riders,Rajasthan Royals,Kolkata Knight Riders,bat,Kolkata Knight Riders,1,,,,,AD Russell,53,Indian Premier League
1473491,2025,2025-05-04,Dharamsala,"Himachal Pradesh Cricket Association Stadium, Dharamsala",Punjab Kings,Lucknow Super Giants,Lucknow Super Giants,field,Punjab Kings,37,,,,,P Simran Singh,54,Indian Premier League
1473492,2025,2025-05-05,Hyderabad,"Rajiv Gandhi International Stadium, Uppal, Hyderabad",Delhi Capitals,Sunrisers Hyderabad,Sunrisers Hyderabad,field,,,,no result,,,,55,Indian Premier League
1473493,2025,2025-05-06,Mumbai,"Wankhede Stadium, Mumbai",Mumbai Indians,Gujarat Titans,Gujarat Titans,field,Gujarat Titans,,3,,D/L,,Shubman Gill,56,Indian Premier League
1473494,2025,2025-05-07,Kolkata,"Eden Gardens, Kolkata",Kolkata Knight Riders,Chennai Super Kings,Kolkata Knight Riders,bat,Chennai Super Kings,,2,,,,Noor Ahmad,57,Indian Premier League
1473495,2025,2025-05-08,Dharamsala,"Himachal Pradesh Cricket Association Stadium, Dharamsala",Punjab Kings,Delhi Capitals,Punjab Kings,bat,,,,no result,,,,58,Indian Premier League
1473498,2025,2025-05-18,Delhi,"Arun Jaitley Stadium, Delhi",Delhi Capitals,Gujarat Titans,Gujarat Titans,field,Gujarat Titans,,10,,,,B Sai Sudharsan,60,Indian Premier League
1473497,2025,2025-05-18,Jaipur,"Sawai Mansingh Stadium, Jaipur",Punjab Kings,Rajasthan Royals,Punjab Kings,bat,Punjab Kings,10,,,,,Harpreet Brar,59,Indian Premier League
1473499,2025,2025-05-19,Lucknow,"Bharat Ratna Shri Atal Bihari Vajpayee Ekana Cricket Stadium, Lucknow",Lucknow Super Giants,Sunrisers Hyderabad,Sunrisers Hyderabad,field,Sunrisers Hyderabad,,6,,,,Abhishek Sharma,61,Indian Premier League
1473500,2025,2025-05-20,Delhi,"Arun Jaitley Stadium, Delhi",Chennai Super Kings,Rajasthan Royals,Rajasthan Royals,field,Rajasthan Royals,,6,,,,Akash Madhwal,62,Indian Premier League
1473501,2025,2025-05-21,Mumbai,"Wankhede Stadium, Mumbai",Mumbai Indians,Delhi Capitals,Delhi Capitals,field,Mumbai Indians,59,,,,,SA Yadav,63,Indian Premier League
1473502,2025,2025-05-22,Ahmedabad,"Narendra Modi Stadium, Ahmedabad",Lucknow Super Giants,Gujarat Titans,Gujarat Titans,field,Lucknow Super Giants,33,,,,,MR Marsh,64,Indian Premier League
1473503,2025,2025-05-23,Lucknow,"Bharat Ratna Shri Atal Bihari Vajpayee Ekana Cricket Stadium, Lucknow",Sunrisers Hyderabad,Royal Challengers Bengaluru,Royal Challengers Bengaluru,field,Sunrisers Hyderabad,42,,,,,Ishan Kishan,65,Indian Premier League
1485779,2025,2025-05-24,Jaipur,"Sawai Mansingh Stadium, Jaipur",Punjab Kings,Delhi Capitals,Delhi Capitals,field,Delhi Capitals,,6,,,,Sameer Rizvi,66,Indian Premier League
1473504,2025,2025-05-25,Ahmedabad,"Narendra Modi Stadium, Ahmedabad",Chennai Super Kings,Gujarat Titans,Chennai Super Kings,bat,Chennai Super Kings,83,,,,,D Brevis,67,Indian Premier League
1473505,2025,2025-05-25,Delhi,"Arun Jaitley Stadium, Delhi",Sunrisers Hyderabad,Kolkata Knight Riders,Sunrisers Hyderabad,bat,Sunrisers Hyderabad,110,,,,,H Klaasen,68,Indian Premier League
1473506,2025,2025-05-26,Jaipur,"Sawai Mansingh Stadium, Jaipur",Mumbai Indians,Punjab Kings,Punjab Kings,field,Punjab Kings,,7,,,,JP Inglis,69,Indian Premier League
1473507,2025,2025-05-27,Lucknow,"Bharat Ratna Shri Atal Bihari Vajpayee Ekana Cricket Stadium, Lucknow",Lucknow Super Giants,Royal Challengers Bengaluru,Royal Challengers Bengaluru,field,Royal Challengers Bengaluru,,6,,,,JM Sharma,70,Indian Premier League
1473508,2025,2025-05-29,New Chandigarh,"Maharaja Yadavindra Singh International Cricket Stadium, Mullanpur",Punjab Kings,Royal Challengers Bengaluru,Royal Challengers Bengaluru,field,Royal Challengers Bengaluru,,8,,,,Suyash Sharma,,Indian Premier League
1473509,2025,2025-05-30,New Chandigarh,"Maharaja Yadavindra Singh International Cricket Stadium, New Chandigarh",Mumbai Indians,Gujarat Titans,Mumbai Indians,bat,Mumbai Indians,20,,,,,RG Sharma,,Indian Premier League
1473510,2025,2025-06-01,Ahmedabad,"Narendra Modi Stadium, Ahmedabad",Mumbai Indians,Punjab Kings,Punjab Kings,field,Punjab Kings,,5,,,,SS Iyer,,Indian Premier League
1473511,2025,2025-06-03,Ahmedabad,"Narendra Modi Stadium, Ahmedabad",Royal Challengers Bengaluru,Punjab Kings,Punjab Kings,field,Royal Challengers Bengaluru,6,,,,,KH Pandya,,Indian Premier League
1527674,2026,2026-03-28,Bengaluru,"M Chinnaswamy Stadium, Bengaluru",Sunrisers Hyderabad,Royal Challengers Bengaluru,Royal Challengers Bengaluru,field,Royal Challengers Bengaluru,,6,,,,JA Duffy,1,Indian Premier League
1527675,2026,2026-03-29,Mumbai,"Wankhede Stadium, Mumbai",Kolkata Knight Riders,Mumbai Indians,Mumbai Indians,field,Mumbai Indians,,6,,,,SN Thakur,2,Indian Premier League
1527676,2026,2026-03-30,Guwahati,"Barsapara Cricket Stadium, Guwahati",Chennai Super Kings,Rajasthan Royals,Rajasthan Royals,field,Rajasthan Royals,,8,,,,N Burger,3,Indian Premier League
1527677,2026,2026-03-31,New Chandigarh,"Maharaja Yadavindra Singh International Cricket Stadium, New Chandigarh",Gujarat Titans,Punjab Kings,Punjab Kings,field,Punjab Kings,,3,,,,C Connolly,4,Indian Premier League
1527678,2026,2026-04-01,Lucknow,"Bharat Ratna Shri Atal Bihari Vajpayee Ekana Cricket Stadium, Lucknow",Lucknow Super Giants,Delhi Capitals,Delhi Capitals,field,Delhi Capitals,,6,,,,Sameer Rizvi,5,Indian Premier League
1527679,2026,2026-04-02,Kolkata,"Eden Gardens, Kolkata",Sunrisers Hyderabad,Kolkata Knight Riders,Kolkata Knight Riders,field,Sunrisers Hyderabad,65,,,,,Nithish Kumar Reddy,6,Indian Premier League
1527680,2026,2026-04-03,Chennai,"MA Chidambaram Stadium, Chepauk, Chennai",Chennai Super Kings,Punjab Kings,Punjab Kings,field,Punjab Kings,,5,,,,Priyansh Arya,7,Indian Premier League
1527681,2026,2026-04-04,Delhi,"Arun Jaitley Stadium, Delhi",Mumbai Indians,Delhi Capitals,Delhi Capitals,field,Delhi Capitals,,6,,,,Sameer Rizvi,8,Indian Premier League
1527682,2026,2026-04-04,Ahmedabad,"Narendra Modi Stadium, Ahmedabad",Rajasthan Royals,Gujarat Titans,Rajasthan Royals,bat,Rajasthan Royals,6,,,,,Ravi Bishnoi,9,Indian Premier League
1527683,2026,2026-04-05,Hyderabad,"Rajiv Gandhi International Stadium, Uppal, Hyderabad",Sunrisers Hyderabad,Lucknow Super Giants,Lucknow Super Giants,field,Lucknow Super Giants,,5,,,,Mohammed Shami,10,Indian Premier League
1527684,2026,2026-04-05,Bengaluru,"M Chinnaswamy Stadium, Bengaluru",Royal Challengers Bengaluru,Chennai Super Kings,Chennai Super Kings,field,Royal Challengers Bengaluru,43,,,,,TH David,11,Indian Premier League
1527685,2026,2026-04-06,Kolkata,"Eden Gardens, Kolkata",Kolkata Knight Riders,Punjab Kings,Kolkata Knight Riders,bat,,,,no result,,,,12,Indian Premier League
1527686,2026,2026-04-07,Guwahati,"Barsapara Cricket Stadium, Guwahati",Rajasthan Royals,Mumbai Indians,Mumbai Indians,field,Rajasthan Royals,27,,,,,YBK Jaiswal,13,Indian Premier League
1527687,2026,2026-04-08,Delhi,"Arun Jaitley Stadium, Delhi",Gujarat Titans,Delhi Capitals,Delhi Capitals,field,Gujarat Titans,1,,,,,Rashid Khan,14,Indian Premier League
1527688,2026,2026-04-09,Kolkata,"Eden Gardens, Kolkata",Kolkata Knight Riders,Lucknow Super Giants,Lucknow Super Giants,field,Lucknow Super Giants,,3,,,,MD Choudhary,15,Indian Premier League
1527689,2026,2026-04-10,Guwahati,"Barsapara Cricket Stadium, Guwahati",Royal Challengers Bengaluru,Rajasthan Royals,Rajasthan Royals,field,Rajasthan Royals,,6,,,,V Suryavanshi,16,Indian Premier League
1527690,2026,2026-04-11,New Chandigarh,"Maharaja Yadavindra Singh International Cricket Stadium, New Chandigarh",Sunrisers Hyderabad,Punjab Kings,Punjab Kings,field,Punjab Kings,,6,,,,SS Iyer,17,Indian Premier League
1527691,2026,2026-04-11,Chennai,"MA Chidambaram Stadium, Chepauk, Chennai",Chennai Super Kings,Delhi Capitals,Delhi Capitals,field,Chennai Super Kings,23,,,,,SV Samson,18,Indian Premier League
1527692,2026,2026-04-12,Lucknow,"Bharat Ratna Shri Atal Bihari Vajpayee Ekana Cricket Stadium, Lucknow",Lucknow Super Giants,Gujarat Titans,Gujarat Titans,field,Gujarat Titans,,7,,,,M Prasidh Krishna,19,Indian Premier League
1527693,2026,2026-04-12,Mumbai,"Wankhede Stadium, Mumbai",Royal Challengers Bengaluru,Mumbai Indians,Mumbai Indians,field,Royal Challengers Bengaluru,18,,,,,PD Salt,20,Indian Premier League
1529264,2026,2026-04-13,Hyderabad,"Rajiv Gandhi International Stadium, Uppal, Hyderabad",Sunrisers Hyderabad,Rajasthan Royals,Rajasthan Royals,field,Sunrisers Hyderabad,57,,,,,PP Hinge,21,Indian Premier League
1529265,2026,2026-04-14,Chennai,"MA Chidambaram Stadium, Chepauk, Chennai",Chennai Super Kings,Kolkata Knight Riders,Kolkata Knight Riders,field,Chennai Super Kings,32,,,,,Noor Ahmad,22,Indian Premier League
1529266,2026,2026-04-15,Bengaluru,"M Chinnaswamy Stadium, Bengaluru",Lucknow Super Giants,Royal Challengers Bengaluru,Royal Challengers Bengaluru,field,Royal Challengers Bengaluru,,5,,,,JR Hazlewood,23,Indian Premier League
1529267,2026,2026-04-16,Mumbai,"Wankhede Stadium, Mumbai",Mumbai Indians,Punjab Kings,Punjab Kings,field,Punjab Kings,,7,,,,Arshdeep Singh,24,Indian Premier League
1529268,2026,2026-04-17,Ahmedabad,"Narendra Modi Stadium, Ahmedabad",Kolkata Knight Riders,Gujarat Titans,Kolkata Knight Riders,bat,Gujarat Titans,,5,,,,Shubman Gill,25,Indian Premier League
1529270,2026,2026-04-18,Hyderabad,"Rajiv Gandhi International Stadium, Uppal, Hyderabad",Sunrisers Hyderabad,Chennai Super Kings,Chennai Super Kings,field,Sunrisers Hyderabad,10,,,,,E Malinga,27,Indian Premier League
1529269,2026,2026-04-18,Bengaluru,"M Chinnaswamy Stadium, Bengaluru",Royal Challengers Bengaluru,Delhi Capitals,Delhi Capitals,field,Delhi Capitals,,6,,,,T Stubbs,26,Indian Premier League
1529272,2026,2026-04-19,New Chandigarh,"Maharaja Yadavindra Singh International Cricket Stadium, New Chandigarh",Punjab Kings,Lucknow Super Giants,Lucknow Super Giants,field,Punjab Kings,54,,,,,Priyansh Arya,29,Indian Premier League
1529271,2026,2026-04-19,Kolkata,"Eden Gardens, Kolkata",Rajasthan Royals,Kolkata Knight Riders,Rajasthan Royals,bat,Kolkata Knight Riders,,4,,,,CV Varun,28,Indian Premier League
1529273,2026,2026-04-20,Ahmedabad,"Narendra Modi Stadium, Ahmedabad",Mumbai Indians,Gujarat Titans,Gujarat Titans,field,Mumbai Indians,99,,,,,Tilak Varma,30,Indian Premier League
1529274,2026,2026-04-21,Hyderabad,"Rajiv Gandhi International Stadium, Uppal, Hyderabad",Sunrisers Hyderabad,Delhi Capitals,Delhi Capitals,field,Sunrisers Hyderabad,47,,,,,Abhishek Sharma,31,Indian Premier League
1529275,2026,2026-04-22,Lucknow,"Bharat Ratna Shri Atal Bihari Vajpayee Ekana Cricket Stadium, Lucknow",Rajasthan Royals,Lucknow Super Giants,Lucknow Super Giants,field,Rajasthan Royals,40,,,,,RA Jadeja,32,Indian Premier League
1529276,2026,2026-04-23,Mumbai,"Wankhede Stadium, Mumbai",Chennai Super Kings,Mumbai Indians,Mumbai Indians,field,Chennai Super Kings,103,,,,,SV Samson,33,Indian Premier League
1529277,2026,2026-04-24,Bengaluru,"M Chinnaswamy Stadium, Bengaluru",Gujarat Titans,Royal Challengers Bengaluru,Royal Challengers Bengaluru,field,Royal Challengers Bengaluru,,5,,,,V Kohli,34,Indian Premier League
1529278,2026,2026-04-25,Delhi,"Arun Jaitley Stadium, Delhi",Delhi Capitals,Punjab Kings,Delhi Capitals,bat,Punjab Kings,,6,,,,KL Rahul,35,Indian Premier League
1529279,2026,2026-04-25,Jaipur,"Sawai Mansingh Stadium, Jaipur",Rajasthan Royals,Sunrisers Hyderabad,Sunrisers Hyderabad,field,Sunrisers Hyderabad,,5,,,,Ishan Kishan,36,Indian Premier League
1529280,2026,2026-04-26,Chennai,"MA Chidambaram Stadium, Chepauk, Chennai",Chennai Super Kings,Gujarat Titans,Gujarat Titans,field,Gujarat Titans,,8,,,,K Rabada,37,Indian Premier League
1529281,2026,2026-04-26,Lucknow,"Bharat Ratna Shri Atal Bihari Vajpayee Ekana Cricket Stadium, Lucknow",Kolkata Knight Riders,Lucknow Super Giants,Lucknow Super Giants,field,,,,tie,,Kolkata Knight Riders,RK Singh,38,Indian Premier League
1529282,2026,2026-04-27,Delhi,"Arun Jaitley Stadium, Delhi",Delhi Capitals,Royal Challengers Bengaluru,Royal Challengers Bengaluru,field,Royal Challengers Bengaluru,,9,,,,JR Hazlewood,39,Indian Premier League
1529283,2026,2026-04-28,New Chandigarh,"Maharaja Yadavindra Singh International Cricket Stadium, New Chandigarh",Punjab Kings,Rajasthan Royals,Rajasthan Royals,field,Rajasthan Royals,,6,,,,D Ferreira,40,Indian Premier League
1529284,2026,2026-04-29,Mumbai,"Wankhede Stadium, Mumbai",Mumbai Indians,Sunrisers Hyderabad,Mumbai Indians,bat,Sunrisers Hyderabad,,6,,,,H Klaasen,41,Indian Premier League
1529285,2026,2026-04-30,Ahmedabad,"Narendra Modi Stadium, Ahmedabad",Royal Challengers Bengaluru,Gujarat Titans,Gujarat Titans,field,Gujarat Titans,,4,,,,JO Holder,42,Indian Premier League
1529286,2026,2026-05-01,Jaipur,"Sawai Mansingh Stadium, Jaipur",Rajasthan Royals,Delhi Capitals,Rajasthan Royals,bat,Delhi Capitals,,7,,,,KL Rahul,43,Indian Premier League
1529287,2026,2026-05-02,Chennai,"MA Chidambaram Stadium, Chepauk, Chennai",Mumbai Indians,Chennai Super Kings,Mumbai Indians,bat,Chennai Super Kings,,8,,,,RD Gaikwad,44,Indian Premier League
1529288,2026,2026-05-03,Hyderabad,"Rajiv Gandhi International Stadium, Uppal, Hyderabad",Sunrisers Hyderabad,Kolkata Knight Riders,Sunrisers Hyderabad,bat,Kolkata Knight Riders,,7,,,,CV Varun,45,Indian Premier League
1529289,2026,2026-05-03,Ahmedabad,"Narendra Modi Stadium, Ahmedabad",Punjab Kings,Gujarat Titans,Gujarat Titans,field,Gujarat Titans,,4,,,,JO Holder,46,Indian Premier League
1529290,2026,2026-05-04,Mumbai,"Wankhede Stadium, Mumbai",Lucknow Super Giants,Mumbai Indians,Mumbai Indians,field,Mumbai Indians,,6,,,,RD Rickelton,47,Indian Premier League
1529291,2026,2026-05-05,Delhi,"Arun Jaitley Stadium, Delhi",Delhi Capitals,Chennai Super Kings,Delhi Capitals,bat,Chennai Super Kings,,8,,,,SV Samson,48,Indian Premier League
1529292,2026,2026-05-06,Hyderabad,"Rajiv Gandhi International Stadium, Uppal, Hyderabad",Sunrisers Hyderabad,Punjab Kings,Punjab Kings,field,Sunrisers Hyderabad,33,,,,,PJ Cummins,49,Indian Premier League
1529293,2026,2026-05-07,Lucknow,"Bharat Ratna Shri Atal Bihari Vajpayee Ekana Cricket Stadium, Lucknow",Lucknow Super Giants,Royal Challengers Bengaluru,Royal Challengers Bengaluru,field,Lucknow Super Giants,9,,,D/L,,MR Marsh,50,Indian Premier League
1529294,2026,2026-05-08,Delhi,"Arun Jaitley Stadium, Delhi",Delhi Capitals,Kolkata Knight Riders,Kolkata Knight Riders,field,Kolkata Knight Riders,,8,,,,FH Allen,51,Indian Premier League
1529295,2026,2026-05-09,Jaipur,"Sawai Mansingh Stadium, Jaipur",Gujarat Titans,Rajasthan Royals,Rajasthan Royals,field,Gujarat Titans,77,,,,,Rashid Khan,52,Indian Premier League
1529296,2026,2026-05-10,Chennai,"MA Chidambaram Stadium, Chepauk, Chennai",Lucknow Super Giants,Chennai Super Kings,Chennai Super Kings,field,Chennai Super Kings,,5,,,,J Overton,53,Indian Premier League
1529297,2026,2026-05-10,Raipur,"Shaheed Veer Narayan Singh International Stadium, Raipur",Mumbai Indians,Royal Challengers Bengaluru,Royal Challengers Bengaluru,field,Royal Challengers Bengaluru,,2,,,,B Kumar,54,Indian Premier League
1529298,2026,2026-05-11,Dharamsala,"Himachal Pradesh Cricket Association Stadium, Dharamsala",Punjab Kings,Delhi Capitals,Delhi Capitals,field,Delhi Capitals,,3,,,,M Tiwari,55,Indian Premier League
1529299,2026,2026-05-12,Ahmedabad,"Narendra Modi Stadium, Ahmedabad",Gujarat Titans,Sunrisers Hyderabad,Sunrisers Hyderabad,field,Gujarat Titans,82,,,,,K Rabada,56,Indian Premier League
1529300,2026,2026-05-13,Raipur,"Shaheed Veer Narayan Singh International Stadium, Raipur",Kolkata Knight Riders,Royal Challengers Bengaluru,Royal Challengers Bengaluru,field,Royal Challengers Bengaluru,,6,,,,V Kohli,57,Indian Premier League
1529301,2026,2026-05-14,Dharamsala,"Himachal Pradesh Cricket Association Stadium, Dharamsala",Punjab Kings,Mumbai Indians,Mumbai Indians,field,Mumbai Indians,,6,,,,Tilak Varma,58,Indian Premier League
1529302,2026,2026-05-15,Lucknow,"Bharat Ratna Shri Atal Bihari Vajpayee Ekana Cricket Stadium, Lucknow",Chennai Super Kings,Lucknow Super Giants,Lucknow Super Giants,field,Lucknow Super Giants,,7,,,,MR Marsh,59,Indian Premier League
1529303,2026,2026-05-16,Kolkata,"Eden Gardens, Kolkata",Kolkata Knight Riders,Gujarat Titans,Gujarat Titans,field,Kolkata Knight Riders,29,,,,,SP Narine,60,Indian Premier League
1529305,2026,2026-05-17,Delhi,"Arun Jaitley Stadium, Delhi",Rajasthan Royals,Delhi Capitals,Delhi Capitals,field,Delhi Capitals,,5,,,,MA Starc,62,Indian Premier League
1529304,2026,2026-05-17,Dharamsala,"Himachal Pradesh Cricket Association Stadium, Dharamsala",Royal Challengers Bengaluru,Punjab Kings,Punjab Kings,field,Royal Challengers Bengaluru,23,,,,,VR Iyer,61,Indian Premier League
1529306,2026,2026-05-18,Chennai,"MA Chidambaram Stadium, Chepauk, Chennai",Chennai Super Kings,Sunrisers Hyderabad,Chennai Super Kings,bat,Sunrisers Hyderabad,,5,,,,Ishan Kishan,63,Indian Premier League
1529307,2026,2026-05-19,Jaipur,"Sawai Mansingh Stadium, Jaipur",Lucknow Super Giants,Rajasthan Royals,Rajasthan Royals,field,Rajasthan Royals,,7,,,,V Suryavanshi,64,Indian Premier League
1529308,2026,2026-05-20,Kolkata,"Eden Gardens, Kolkata",Mumbai Indians,Kolkata Knight Riders,Kolkata Knight Riders,field,Kolkata Knight Riders,,4,,,,MK Pandey,65,Indian Premier League
1529309,2026,2026-05-21,Ahmedabad,"Narendra Modi Stadium, Ahmedabad",Gujarat Titans,Chennai Super Kings,Chennai Super Kings,field,Gujarat Titans,89,,,,,Mohammed Siraj,66,Indian Premier League
1529310,2026,2026-05-22,Hyderabad,"Rajiv Gandhi International Stadium, Uppal, Hyderabad",Sunrisers Hyderabad,Royal Challengers Bengaluru,Sunrisers Hyderabad,bat,Sunrisers Hyderabad,55,,,,,Ishan Kishan,67,Indian Premier League
1529311,2026,2026-05-23,Lucknow,"Bharat Ratna Shri Atal Bihari Vajpayee Ekana Cricket Stadium, Lucknow",Lucknow Super Giants,Punjab Kings,Punjab Kings,field,Punjab Kings,,7,,,,SS Iyer,68,Indian Premier League
1529312,2026,2026-05-24,Mumbai,"Wankhede Stadium, Mumbai",Rajasthan Royals,Mumbai Indians,Mumbai Indians,field,Rajasthan Royals,30,,,,,JC Archer,69,Indian Premier League
1529313,2026,2026-05-24,Kolkata,"Eden Gardens, Kolkata",Delhi Capitals,Kolkata Knight Riders,Kolkata Knight Riders,field,Delhi Capitals,40,,,,,Kuldeep Yadav,70,Indian Premier League
1535462,2026,2026-05-26,Dharamsala,"Himachal Pradesh Cricket Association Stadium, Dharamsala",Royal Challengers Bengaluru,Gujarat Titans,Gujarat Titans,field,Royal Challengers Bengaluru,92,,,,,RM Patidar,,Indian Premier League
1535463,2026,2026-05-27,New Chandigarh,"Maharaja Yadavindra Singh International Cricket Stadium, New Chandigarh",Rajasthan Royals,Sunrisers Hyderabad,Sunrisers Hyderabad,field,Rajasthan Royals,47,,,,,V Suryavanshi,,Indian Premier League
1535464,2026,2026-05-29,New Chandigarh,"Maharaja Yadavindra Singh International Cricket Stadium, New Chandigarh",Rajasthan Royals,Gujarat Titans,Rajasthan Royals,bat,Gujarat Titans,,7,,,,Shubman Gill,,Indian Premier League
1535465,2026,2026-05-31,Ahmedabad,"Narendra Modi Stadium, Ahmedabad",Gujarat Titans,Royal Challengers Bengaluru,Royal Challengers Bengaluru,field,Royal Challengers Bengaluru,,5,,,,V Kohli,,Indian Premier League
